0,呼ひタメ,フォロハ,歓迎,呼ん,お呼ひ,仲良く,らいい,呼へ,呼ひ,タク,早速,呼は,絡ん,せひ,嬉しい,こそ,いえいえ,甘え,反応,さっそく,タメ,よけれ,お迎え,フォロー,是非是非,繋か,呼ふ,繋かり,了解,お先に,しゃあ,よろしくお願いします,敬語,呼ひ捨て,良けれ,タメ語,申し,はーい,呼ひ方,繋かっ,繋から,タメ口,お話し,同い年,くたさい,何と,気軽,お話,もらい,ありかとう
1,天気,寒い,今朝,晴れ,寒く,暑く,暖かく,暑い,予報,気温,お天気,降っ,週末,涼しく,おはよう,涼しい,今日,暑さ,お過こし,過こし,今週,体調,お仕事,おはあり,寒さ,つけ,おは,一日,肌寒い,冷え,崩さ,降ら,行ってらっしゃい,ゆっくり,午後,蒸し暑い,曇り空,日中,体調管理,天気予報,冷え込ん,寒い朝,暖かい,熱中症,快晴,曇り,蒸し暑,台風,休み,止ん
2,他人,そういう,相手,感情,価値観,世の中,理解,否定,わけ,自覚,態度,言える,自分,に対して,人間,発言,気持ち,言え,別に,人間関係,自分自身,文句,思う,怒る,たから,嫌わ,意見,愚痴,そんな,怒り,考え方,言っ,不快,くせ,たろ,言わ,傷つけ,言い方,謝っ,悪い,自身,人として,理由,立場,当たり前,傷つける,思わ,許せ,言う,分かっ
3,作品,原作,シーン,映画,アニメ,読ん,小説,面白かっ,登場人物,物語,面白い,描写,トラマ,名作,観る,読み,漫画,展開,脚本,演技,続編,ストーリー,主人公,長編,感想,世界観,ネタハレ,読む,演し,キャラクター,実写化,シリアス,コミカライス,マンカ,主演,実写,アニメ版,表現,本編,タイトル,作者,作中,作画,演出,セリフ,見る,台詞,要素,完結,映画化
4,病院,痛み,治る,安静,痛い,医者,痛く,症状,治り,治っ,検査,治ら,治す,処方,頭痛,受診,悪化,治療,入院,診察,抗生物質,体調,治し,血液検査,腫れ,手術,副作用,抗生剤,病気,点滴,炎症,心配,大事,風邪,インフル,術後,レントケン,身体,吐き気,完治,注射,内科,整形外科,インフルエンサ,激痛,関節痛,主治医,解熱,耳鼻科,漢方
5,美味し,食へ,食へる,美味しい,炒め,スーフ,野菜,美味しく,美味しかっ,醤油,料理,サラタ,味付け,美味い,おいし,焼い,おいしい,こ飯,美味,鶏カラ,茹て,豚肉,鶏肉,トッヒンク,チース,カレー,卵焼き,ラーメン,和え,コンソメ,美味かっ,ソテー,わさひ醤油,ハター,こはん,焼き,出汁,豆板醤,トマト,冷凍,味噌,味噌汁,具材,白菜,胡麻油,メニュー,隠し味,スヘアリフ,キャヘツ,食へ物
6,新幹線,電車,乗り換え,遠い,ハス,観光,飛行機,ホテル,乗り継い,特急,交通,方面,在来線,タクシー,停車駅,地下鉄,近く,運転,帰り,乗っ,着い,新大阪,空港,直通,各駅停車,目的地,地元,jr,直行便,場所,往復,運休,各停,環状線,宇都宮駅,羽田,帰る,筑肥線,行っ,乗れ,始発,夜行ハス,快速,中央線,区間,関空,路線ハス,高速ハス,移動,東京
7,楽しかっ,嬉しかっ,本当にありかとうこさいました,ライフ,会え,楽しん,お疲れ様,会い,くたさっ,ステーシ,皆様,皆さん,楽しみ,おつかれさま,会える,楽しま,来場,応援,感謝,レホ,下さっ,お疲れさま,幸せ,本当に,楽しい,スタッフ,うれしかっ,方々,みなさん,ワンマンライフ,セトリ,たくさん,盛り上け,楽し,沢山,素敵,楽しめ,緊張,感動,演者,盛り上かっ,てし,live,久しふり,いつか,これから,たかっ,出演者,終始,とっても
8,描け,描く,描い,描ける,描き,塗り,アナロク,線画,テシタル,描か,イラスト,絵柄,コヒック,アイヒス,画力,色鉛筆,私の絵,描こ,描き方,絵師,水彩,褒め,描き直し,塗っ,色塗,下書き,シャーヘン,絵描き,ヘンタフ,アイコン,ヘン入れ,水彩色鉛筆,構図,お絵描き,鉛筆,模写,落書き,アイヒスヘイント,お絵かき,完成,加工,仕上ける,ほかし,上手く,色彩,陰影,画材,質感,した塗り,クオリティ
9,おおおお,おおおおお,あああああ,うわ,ううう,ああああ,ぇぇ,ああああああ,ーーー,ーーーー,ぁぁぁ,おおおおおお,ぉぉ,ぅぅ,えええ,あああ,ええええ,おおおおおおお,うううう,おおおおおおおお,まっ,ありかと,ああああああああ,ーーーーー,おおお,えええええ,うっ,ほんと,ぃぃ,ーー,よぉぉ,あああああああ,いや,えええええええ,おおおおおおおおお,嬉し,待っ,いいいいいい,ええええええ,よぉぉぉ,おおおおおおおおおお,いいいいいいい,ほんとに,わい,いいいい,とぉ,よっ,語彙力,ああああああああああ,うううううううう
10,wwwwww,wwww,wwwwwwww,wwwww,ｗｗｗｗｗｗ,wwwwwwwww,www,wwwwwww,ｗｗｗｗｗｗｗｗｗ,わろ,いや,wwwwwwwwww,やん,ｗｗｗ,ｗｗｗｗｗ,ｗｗｗｗｗｗｗｗｗｗｗｗ,wwwwwwwwwwww,ｗｗｗｗｗｗｗｗ,ｗｗｗｗ,wwwwwwwwwww,ｗｗｗｗｗｗｗｗｗｗｗｗｗｗｗ,笑っ,くそ,ww,まっ,wwwwwwwwwwwww,やはい,ｗｗｗｗｗｗｗｗｗｗ,ねん,やめ,てか,ほんま,wwwwwwwwwwwwwww,てん,真顔,わい,わし,むり,笑う,わからん,ワロタ,wwwwwwwwwwwwww,笑笑,ｗｗｗｗｗｗｗ,マシて,すき,ｗｗｗｗｗｗｗｗｗｗｗｗｗｗ,しゃん,ほんと,あかん
11,pc,iphone,接続,起動,スマホ,windows,アフリ,ハソコン,画面,usb,機種,機能,電源,クラホ,再起動,無線lan,不具合,再インストール,表示,端末,機種変,ios,android,hdd,使え,モテム,インストール,タウンロート,hdmi,mac,ハッテリー,ssd,マサホ,gb,トライハ,エラー,ストレーシ,ハックアッフ,テータ,os,dvi,sdカート,apple,ram,bluetooth,コントロールハネル,有線,携帯,ハスワート,電池
12,絡も,絡み,絡め,した,絡む,絡ん,一言,いいね,話そ,ひとこと,会っ,会お,浮上,話し,会いたいよ,話して,line,たいすき,遊ほ,便乗,会い,嬉し,もっともっと,話せ,会え,繋かっ,ありかと,もっと,会う,アイコン,これから,たくさん,嬉しい,ほんま,うれしい,仲良く,ほんとに,会える,ふぁ,トーーーーーーン,呼ひ方,来年,あんま,お話し,こめんね,あそほ,濃く,全然,いつ,語ろ
13,お誕生日おめてとう,誕生日,お祝い,誕生,birthday,祝っ,happy,おめてとう,一年,これから,幸せ,風船,ありかと,素敵,過こせ,嬉しかっ,祝わ,ハッヒーハーステー,ケーキ,サフライス,フレセント,感謝,会え,会える,めてたい,素敵な日々,ハッヒー,ハヒハ,祝え,喜ん,ステキ,嬉し,トゥーミー,はーすてー,過こし,いつも,お幸せ,たくさん,うれしい,私事,会い,はっひー,楽しん,ーー,ˊᗜˋ,楽しみ,来年,くれ,いっはい,待っ
14,給料,会社,働い,賃金,働き,正社員,企業,労働,給与,雇用,働く,収入,人件費,労基法,年収,制度,社員,時給,フラック企業,サヒ残,退職,年金,待遇,業務,経営者,残業代,人手不足,労働者,税金,上司,仕事,所得,国民年金,辞める,賞与,社会保障,辞め,最低賃金,非正規雇用,転職,中小企業,斡旋,しわ寄せ,住民税,社会福祉,部署,行政,社会,職場,手取り
15,授業,大学,学校,数学,勉強,高校,進学,合格,受験,教科,試験,科目,テスト,理系,偏差値,学力,私立,志望,志望校,成績,就職,入学,部活,専門学校,受かっ,中学,学部,文系,講義,学科,担任,国語,生徒,公立,中学校,入試,点数,留年,教員,不登校,定期テスト,学生,卒業,課題,理科,受験生,面接,学名,模試,進学校
16,火力,攻撃,タメーシ,スキル,防御,攻撃力,武器,テハフ,ターン,回復,hp,近接,アヒリティ,耐久,アタッカー,コンホ,近距離,ハフ,属性,強化,発動,性能,装備,回避,倒せる,クリティカル,弱点,状態異常,撃ち,付与,射撃,強い,命中,貫通,耐性,スハアマ,ショウタイム,ハリア,奥義,威力,倒せ,補正,ノータメ,一撃,ホス,主砲,射程,初手,倒す,レヘル
17,選手,試合,球団,投手,失点,チーム,先発,ホームラン,二塁打,勝っ,本塁打,千葉ロッテマリーンス,打線,野球,スタメン,優勝,中継き,死球,観戦,阪神,東浜,フレー,ヒッチャー,守備,連勝,同点,点差,日ハム,決勝,登板,好投,勝ち,無失点,四球,日本シリース,打順,中日,イニンク,盗塁,二塁,フルヘン,得点,タイカース,引き分け,勝ち越し,打席,ホークス,カーフ,満塁,ヘイスタース
18,起き,眠く,眠れ,寝る,寝よ,眠い,覚め,眠気,くっすり,睡眠,起きる,昼寝,寝付け,二度寝,布団,寝落ち,眠り,寝不足,夜中,疲れ,ゆっくり,おやすみなさい,夜更かし,早起き,爆睡,眠れる,休ん,zzz,覚める,睡眠時間,睡眠不足,睡魔,熟睡,おやすみ,寝ろ,起こさ,仮眠,早寝,ｽﾔｧ,おは,寝れ,目覚め,休め,zzzzz,眠たく,起床,目覚まし,寝つき,時間,眠っ
19,チケット,連絡,dm,手数料,譲り,発券,座席,譲っ,当日,伺い,お待ち,受け渡し,同行,振込,お手数,かしこまり,夜公演,公演,いたたけれ,簡易書留,等席,よろしい,承知,頂き,コインロッカーヘイヒース,いたし,リフライ,取引,お返事,申し訳,コイヘヒ,構い,迅速,頂ける,支払い,返信,致し,音楽劇,心当たり,ticket,詳細,了承,お願い,いらっしゃい,払込,畏まり,金額,おり,頂けれ,センフロ
20,浮かへ,微笑み,笑み,傾け,貴女,貴方,視線,零し,見つめ,撫て,花弁,問い掛け,頷き,細め,小さく,ふふ,見詰め,にこり,浮かへる,微笑ん,此処,小首,溜息,浮かへれ,くすりと,差し出さ,緩ま,仕様書,差し出し,撫てる,嗚呼,くすくす,告け,笑い,揺らせ,問いかけ,そっと,其方,握り,瞬か,逸らし,態とらしく,擽った,見上け,られれ,見遣り,きょとん,揺らし,双眸,口元
21,美味し,美味しかっ,美味しい,食へ,おいしい,甘い,チョコ,食へる,生クリーム,アイス,甘く,クリーム,美味しく,おいしかっ,抹茶,お菓子,おいし,フルーツ,美味,美味い,イチコ,美味かっ,クッキー,ロールケーキ,テサート,砂糖,チョコミント,ケーキ,おいしく,食へ物,甘み,チョコレート,ヨークルト,甘味,チースケーキ,おやつ,ティラミス,食感,コク,紅茶,フランホワース,ハター,ソフトクリーム,スイーツ,チース,和菓子,美味しいっ,スーハーカッフ,たへ,ショートフレット
22,差別,批判,思想,主張,フェミニスト,に対して,社会,フェミニスム,意見,否定,他人,に対する,理解,女性,発言,論理,へき,という,非難,性差別,当事者,理由,社会的,世の中,正当,性暴力,文脈,性犯罪,抑圧,フェミ,不当,価値観,表現の自由,行為,正しい,例えは,クレイム,問題,他者,政治,加害,人間,社会構造,単なる,議論,当然,左翼,認識,そもそも,人権
23,カチャ,ssr,爆死,課金,ヒックアッフ,単発,復刻,引い,回し,カシャ,引け,引ける,無課金,ur,引く,貯め,sr,引き,イヘ,恒常,シュエル,確定,リセマラ,回す,無課金勢,報酬,実装,狙い,物欲センサー,確率,礼装,スツルム,レシェフェス,貯まっ,欲しかっ,水着,スカチケ,貯める,ホックスカチャ,無欲,回せ,周回,限定,被り,psr,覚醒,カチャチケ,累計,サフチケ,オーフ
24,当たっ,当落,申し込ん,当たる,応募,倍率,落選,申し込み,当選,当たら,全落,チケ,申し込む,抽選,チケット,参戦,名義,当たり,先行,外れ,ツアー,行け,横アリ,公演,一般発売,激戦,当たれ,全滅,emtg,オーラス,行ける,キャハ,申込み,初日,申し込ま,fc,申し込も,申し込める,当日,申し込め,大阪,会える,トームツアー,発表,祈願,城ホ,両日,トーム,リセール,申込
25,礼装,ハーサーカー,fgo,マーリン,聖杯,カルテア,マシュ,再臨,セイハー,アルトリア,アサシン,キャスター,孔明,サーウァント,頼光,ウラト,オルタニキ,カーミラ,オルタ,イシュタル,山の翁,モートレット,エルキトゥ,ヘラクレス,キルカメッシュ,ランサー,エウリュアレ,スキルマ,エミヤ,ヒックアッフ,新茶,ネロ,アーツハ,トリスタン,アルテラ,ルーラー,スカサハ,玉藻の前,ニト,邪ンヌ,シャンヌ,クーフーリン,ケオル,カルナ,アルシュナ,キャスキル,ノッフ,シャンヌオルタ,ホームス,玉藻
26,ハイク,エンシン,乗り,純正,車体,乗っ,ハントル,自転車,納車,フレーキ,走行,ハンハー,車検,車種,運転,走っ,乗る,ターホ,サーキット,ホイール,クルマ,試乗,排気量,走行距離,ags,積載,中古車,乗ら,軽自動車,車線,エンスト,ハーツ,二輪,外車,走ら,乗り心地,燃費,ハイク屋,フェンター,部品,アクセル,オートマ,新車,フルハケ,車両,修理,助手席,mt,前輪,走る
27,飼っ,飼う,飼い,飼い主,ヘットショッフ,飼わ,飼え,猫ちゃん,動物,飼育,子猫,ヘット,爬虫類,里親,吠え,ワンコ,ワンちゃん,うちの猫,飼お,動物病院,野良猫,飼える,犬猫,鳴い,生き物,保護,うさき,メインクーン,吠える,懐く,生後,子犬,散歩,殺処分,繁殖,保健所,わんちゃん,小さい,コーキー,さわら,懐か,ハムスター,甘えん坊,抱っこ,わんこ,ハリネスミ,毛並み,もふもふ,脱走,しっほ
28,まんこ,ちんほ,エッチ,おちんちん,オナニー,中出し,精液,くちゅくちゅ,えっち,稲生,くちょくちょ,サーメン,疼い,マルクリット,イッ,快感,乳首,チンホ,射精,亀頭,挿入,とろとろ,喘き,フェラ,唾液,快楽,気持ちよく,興奮,潮吹き,セックス,舐め,エロい,寸止め,性感帯,性器,処女,セッ,かき混せ,エロ,菜月,犯さ,オナ,はあはあ,勃起,触手,淫乱,アナル,シンシア,蕩け,喘く
29,スカート,着る,履い,シャツ,洋服,服装,ニット,似合う,ハンツ,履か,着こなし,セーター,着用,似合わ,ロンクフーツ,トッフス,着せ,スニーカー,着心地,履く,tシャツ,アウター,カーティカン,シーンス,格好,普段着,似合っ,スホン,スタイル,カットソー,インナー,羽織っ,履き,ハーカー,シャケット,ワンヒース,uniqlo,トレス,テニム,スーツ,ウエスト,スキニー,衣装,タイツ,靴下,ヘーシュ,タイトスカート,穿い,履け,ヒラヒラ
30,お返事,かしこまり,申し訳,よろしい,幸い,致し,宜しい,いたし,取引,快諾,お願い,頂け,検討,頂き,頂けれ,畏まり,取り引き,お手数,連絡,お待ち,承知,再度,いたたく,おり,いたたけれ,頂く,後ほと,そちら,構い,誠に,当方,よろしく,いたたけ,掛け,返信,並ひに,それては,声かけ,手隙,夜分,宜しく,リフライ,可能,ならひ,頂ける,譲り,遅く,何卒,頂い,いかか
31,地震,余震,停電,揺れ,震度,復旧,震源地,電気,被害,避難,本震,断水,ライフライン,台風,関電,泊原発,土砂災害,火災,心配,トタン,怖かっ,発電所,通電,無事,災害,フレーカー,震源,自然災害,緊急地震速報,警報,火力発電所,地震速報,避難指示,地震警報,東日本大震災,津波,止まっ,備え,阪神淡路大震災,断層,大雨,怖い,熊本地震,火事,南海トラフ,避難所,気象庁,安否,地域,豪雨
32,自民党,野党,議員,支持,与党,国会,国民,安倍政権,総理,政権,政治家,安倍,政党,安倍総理,安倍首相,選挙,共産党,国会議員,立憲民主党,政治,支持者,政策,安倍さん,自民,批判,民進党,国政,マスコミ,政府,国益,衆院選,改憲,民主主義,安倍晋三,民主党,法案,民主,石破,有権者,森友,モリカケ,報道,幹事長,権力,首相,官僚,安倍内閣,野党第一党,憲法改正,希望の党
33,新刊,既刊,サンフル,取り置き,品書き,頒布,無配,部数,入稿,通販,コヒー本,御本,脱稿,表紙,サークル参加,冬コミ,スヘース,夏コミ,刷っ,サークル,pixiv,アンソロ,インテ,完売,原稿,ヘーシ,booth,印刷所,イラスト集,一般参加,レイフレ,委託,スハーク,同人誌,配本,コミケ,刷る,在庫,印刷,締め切り,スケフ,しなかき,全年齢,ヘーハー,和綴し,コミティア,ノヘルティ,くたさっ,サークルカット,ケイアキ
34,並ん,物販,並ふ,整理券,開場,売り切れ,並ひ,並は,始発,入場,完売,買える,着く,着い,待機列,買え,当日,売り切れる,開演,当日券,販売開始,会場,開始時間,代行,前売り,りんかい線,早め,到着,クッス販売,スヒンス,長蛇,間に合う,向かう,最後尾,向かい,在庫,混ん,混み,販売,予定,初日,キリキリ,待ち,vazmart,着き,混雑,シュフリーム,クッス,行列,混む
35,三日月,山姥,鶴丸,蜻蛉切,小狐丸,石切丸,日本号,鶯丸,歌仙,大倶利伽羅,岩融,堀川,加州,髭切,薬研,青江,膝丸,同田貫,蛍丸,山伏,蜂須賀,今剣,大典太,本丸,薬研藤四郎,国広,長谷部,ソハヤ,数珠丸,宗三,大包平,長曽根,にっかり青江,刀剣乱舞,燭台,物吉,陸奥,博多藤四郎,小烏丸,亀甲貞宗,審神者,御手杵,和泉守兼定,手切,長曽,浦島虎徹,亀甲,鍛刀,刀剣,愛染国俊
36,to,you,that,for,and,the,your,are,aysongchallenge,was,my,but,is,me,solve,when,dansou,of,there,which,so,like,do,also,just,would,dressing,much,way,made,since,had,feeling,can,use,well,about,be,not,course,find,too,will,used,problem,were,come,could,we,what
37,注文,出品,転売,メルカリ,amazon,商品,買える,販売,在庫,買え,発送,値段,売れ,売っ,買い,買わ,通販,買う,価格,購入,売る,メール,売り,転売ヤー,入荷,返品,売り切れ,届く,店頭,中古,再販,転売屋,問い合わせ,売れる,安く,再生産,ネット,買っ,買い占め,店舗,取り扱い,入金,配送,完売,安い,ebay,カスタマーサーヒス,届い,楽天フックス,高額
38,キター,ヒアノ,弾い,演奏,弾ける,楽器,弾く,楽譜,弾き,音楽,弾け,音色,協奏曲,耳コヒ,奏者,トラム,アコキ,弾き語り,メロティ,奏法,打楽器,ハント,聴い,エレアコ,シャス,ホーカル,リコーター,絶対音感,押さえる,伴奏,キタリスト,ウァイオリン,チェロ,ハイオリン,ヘース,ヒアニスト,吹奏楽,オーホエ,チューハ,吹け,合奏,イントロ,習っ,メロティー,序曲,歌う,習う,ヒアノ曲,金管楽器,ファルセット
39,ハントメイト,手芸,器用,レシン,作れる,アクセサリー,イヤリンク,作れ,作り,小物,手作り,作っ,羊毛フェルト,テサイン,刺繍,完成,ネックレス,自作,粘土,型紙,既製品,飾り,仕上かり,ヒアス,作る,ハーツ,色合い,フラ板,手縫い,生地,造形,不器用,編み物,クオリティ,フローチ,縫い,サイス,ミシン,作ら,色味,配色,洋服,気泡,センス,フレスレット,作ってみた,モチーフ,縫い目,綺麗,仕上け
40,スフラトゥーン,ナワハリ,splatoon,リクマ,nintendo,カチマ,スフラ,サーモンラン,フラヘ,switch,ウテマエ,チャーシャー,キア,ローラー,カチホコ,カチマッチ,イカ,タイナモ,タクマ,サモラン,ヒッセン,フレコ,カチルール,フキ,ハクタン,エイム,ホコ,アサリ,ヤクラ,フレッサー,立ち回り,スハッタリー,チャー,スヒナー,キル,遊ん,フレント,カタハット,通話,シューター,zap,ホクサイ,エンショイ勢,野良,味方,エンショイ,サーモン,キルレ,高台,フラコラ
41,おやすみ,おやすみなさい,寝る,眠い,起き,おやあり,ゆっくり,寝よ,たたいま,zzz,疲れ,おかえり,休ん,占っ,こんにちわ,おはよう,布団,眠れ,明日,ｽﾔｧ,おは,今日も一日,かんはっ,一日,お仕事,眠く,今日,覚め,昼寝,iori,さー,お疲れさま,くっすり,お疲れ様,夢見,帰っ,いってらっしゃい,死に,こんはんわ,寝落ち,nitdp,ねむい,mpgoi,早起き,なさい,風呂,zzzzz,gcl,ぃけ,頑張ろ
42,お酒,飲む,飲み,飲める,飲め,飲ん,飲ま,焼酎,アルコール,ヒール,日本酒,ウイスキー,酔っ,チューハイ,ワイン,梅酒,酔える,酔え,ウィスキー,酔う,呑ん,飲も,果実酒,シンシャエール,炭酸,サンクリア,カクテル,杯目,悪酔い,スーハートライ,芋焼酎,冷酒,ソフトトリンク,呑み,水割り,酔い,コーヒー,赤ワイン,口当たり,ノンアルコール,度数,呑む,飲み物,ハイホール,コーラ,二日酔い,ショッキ,甘い,呑め,シュース
43,ps,ケーム,フレイ,ds,vita,psp,モンハン,wiiu,steam,コントローラー,switch,pc,ケーム機,スマフラ,wii,フレステ,ファミコン,ケームキューフ,据え置き,トラクエ,神ケー,スーファミ,ios版,rpg,xbox,ケー,体験版,セルタ,ソフト,買う,機種,タウンロート版,操作,中古,ｐｓ,dq,起動,クラフィック,ワールト,スイッチ,遊へ,タウンロート,十字キー,本体,dl,sfc,フラウン管,マリオ,ケームホーイ,買お
44,髪の毛,美容師,髪型,黒髪,前髪,ツーフロック,美容院,染め,似合わ,ショート,茶髪,染める,似合う,トリートメント,切っ,似合っ,ハーマ,フリーチ,金髪,エクステ,ロンク,分け目,長さ,カラー,伸はし,スタイリスト,ロンクヘア,傷ん,襟足,染め直し,梳い,縮毛矯正,ハッサリ,短く,乾かす,切り,ヘリショ,長い,くせ毛,美容室,茶色,メイク,テシタルハーマ,スタイリンク,ウィック,はっさり,トライヤー,切る,ハッツン,ホフ
45,フレント,申請,承認,id,フレ,フレコ,ロクイン,フレントコート,たいやき,よけれ,募集,とうふつの森,鉱山,助かり,初心者,送ら,登録,良けれ,エンショイ勢,ケーム内,きららファンタシア,ランク,discord,お誘い,おねかい,ホケ,よろしくお願いします,アカウント,p名,フレホ,とうそー,よろしけれ,了解,宜しけれ,となた,是非是非,くたさい,いえいえ,周回,ましょ,すいません,オーハーウォッチ,ff外,送り,空き,サーモンラン,もし,空い,ティスコート,メンハー募集
46,ティスニー,ユニハ,年ハス,usj,アトラクション,仮装,ミニー,ミッキー,行こう,ハロウィン,ハーク,ティスニーラント,行き,ファストハス,インハ,ハレート,乗り物,シー,シェフミ,イン,開園,行く,行っ,トイマニ,行こ,タワテラ,ケンスケ,行け,行ける,乗れ,平日,行か,ユニハーサル,撮り,ショイホリ,会い,タッフィー,家鴨,楽しん,撮る,夢の国,ホテル,会え,アトラク,待ち時間,シェリーメイ,エクスフレスハス,アンハ,ミート,会っ
47,痩せ,体重,筋トレ,タイエット,痩せる,太っ,kg,運動,キロ,太り,脂肪,食事制限,筋肉量,筋肉,減量,体脂肪,体型,体重計,体脂肪率,炭水化物,腹筋,太れ,カロリー,細い,太る,体幹,たんはく質,鍛え,min,低カロリー,糖質,リハウント,腕立て伏せ,シックスハック,シム,テフ,間食,有酸素運動,お腹周り,糖質制限,ランシ,測定,ランニンク,kcal,筋肉痛,スクワット,摂食障害,太ら,ヒッフ,タンハク質
48,テッキ,手札,盤面,フィニッシャー,ネクロ,ターン,構築,ミットレンシ,ネメシス,墓地,アクロ,コントロール,クリーチャー,先攻,ナーフ,強い,トラコン,サーチ,除去,ウァンフ,初手,環境,攻撃力,アーティファクト,火力,ウェノミナーカ,効果,召喚,組む,攻撃,トロー,ヒショ,カート,勝てる,タメーシ,コンホ,勝て,ホルテックス,スキル,ウィトウ,エルトラーシ,使い,アンリミ,特殊召喚,ロイヤル,シェイス,付与,計略,奇襲,スタン
49,北朝鮮,日本,中国,アメリカ,日本政府,戦争,米国,植民地,国家,侵略,国民,他国,国際社会,朝鮮戦争,国際法,戦後,憲法,領海,朝鮮,属国,自国,政府,領土,日本人,経済制裁,竹島,併合,トランフ大統領,中国共産党,軍事,憲法改正,植民地支配,軍事力,安倍首相,トランフ,ソ連,政権,勢力,米軍,日本国,我か国,軍事的,首相,日本国憲法,安倍政権,宣戦,金正恩,支配,戦前,慰安婦問題
50,マクナ,背水,古戦場,アーカルム,サラーサ,武器,属性,hl,シュウァ,エリュ,ミュル,アルハハ,十天,四象,火力,テハフ,下限,セレ,強化,オクトー,武勲,神石,スキル,アヒリティ,カトル,奥義,ヒヒイロ,アクニス,黄龍,アヒ,ウーノ,ショフ,エッセル,オメカ,hell,アフロティーテ,最終,銀天,貢献度,ウォロ,シウァ,クラフル,栄誉,装備,hp,周回,レシェフェス,エウロヘ,ワンハン,回復
51,空母,艦隊,大破,戦艦,重巡,旗艦,駆逐艦,陸攻,大発,夜戦,防空,江風,出撃,海域,駆逐,軽巡,棲姫,速吸,鬼怒,航空隊,機銃,軽空母,照月,輸送量,対空,空襲,瑞鳳,ホス,艦これ,随伴,大淀,荒潮,第一艦隊,艦種,羽黒,制空権,大艇,提督,艦載機,装甲空母,摩耶,輸送,那珂,ソナー,道中,瑞鶴,第二艦隊,隼鷹,友軍,翔鶴
52,歌い,歌う,歌え,歌っ,歌える,カラオケ,歌詞,聴い,歌わ,聴き,歌お,聴く,音域,イントロ,音楽,音痴,サヒ,ソンク,ハラート,アニソン,テュエット,曲っ,洋楽,メロティ,高音,全曲,歌声,音程,原曲,ホーカル,ハモリ,聴け,カウァー,コーラス,cメロ,昭和歌謡,名曲,曲名,ヒトカラ,フィクサー,utau,歌唱,熱唱,nanamusic,生歌,聴か,キター,低音,歌唱力,アカヘラ
53,フォロリク,本垢,bio,フォロー,繋かり,タク,反応,繋から,お手数,フォロハ,アカウント,よろしけれ,お迎え,お先に,いえいえ,宜しけれ,よけれ,こそ,いたたき,是非,呼ひタメ,歓迎,仲良く,こちら,了解,良けれ,送ら,繋かっ,せひ,申し,頂き,よろしくお願いします,リツ,ありかとう,dm,早速,さっそく,いたたい,いたたける,有難う,構い,繋か,返信,絡ん,頂い,お話,とうそ,すみません,なけれ,御座い
54,dps,タンク,ヒラ,ショフ,零式,装備,キミック,火力,モンク,新式,ルレ,討滅,メレー,マテリア,ヒーラー,武器,竜騎士,神龍,ラクシュミ,テハフ,サスタシャ,クリア,pt,ヘイトコンホ,ハウケタ,紅蓮,黒魔,野良,近接,スキル,ヘイト,リューサン,ショフクエ,ハイマテ,スサノオ,回復,倒せる,スフリント,ホス,機工,レヘリンク,ラハナスタ,白魔,時間切れ,ヒカセン,レヘル,サフ,エキルレ,予習,蘇生
55,颯馬,敬人,友也,弓弦,真緒,千秋,アトニス,英智,なすな,桃李,凪砂,スハル,ひなた,チアライ,北斗,つむき,みか,スタ,遊木真,七種茨,valkyrie,レオ,テコステッカー,神崎颯馬,テコステ,あんさんふるスタース,明星スハル,氷鷹北斗,天祥院英智,斎宮宗,乙狩アトニス,影片みか,月永レオ,蓮巳敬人,春川宙,衣更真緒,夏目,鬼龍紅郎,スタライ,天満光,jok,colotta,葵ゆうた,葵ひなた,off,深海奏汰,紫之創,鳴上嵐,コロッタ,仙石忍
56,源さん,星野源,源ちゃん,ann,奈々緒,星野源ann,リアタイ,familysong,continues,コウノトリ,イエハス,mステ,radiko,聴ける,しのり,ラシオ,逃け恥,ファミソン,聴け,録画,未来のミライ,細野,聴い,聴き,楽しみ,聴く,rabi,contineus,いよいよ,sakerock,ワクワク,シャムハン,トラえもん,今夜,おは,musicday,スーハーライフ,見れ,うたコン,タイム,聴こ,ハナナマン,トキトキ,リセール,cdtv,トラマ,今日,ゆっくり,楽しん,来週
57,チャンネル,登録者,動画,youtube,生放送,vtuber,投稿,配信,アーカイフ,ケーム実況,にしさんし,動画投稿,登録,月ノ美兎,youtuber,金剛いろは,実況,視聴者,編集,twitter,放送,視聴,ニコ生,歌ってみた,番組,ツイキャス,フロク,コラホ企画,つへ,開設,コメント,openrec,再生,ニコニコ,ライフ配信,ニコ動,輝夜月,ハーチャル,ツイッター,大阪大会,リスナー,ときのそら,iriam,公開,白百合,生配信,募集開始,メイク動画,abematv,制作
58,mhw,モンハン,狩り,歴戦,武器,ネルキカンテ,大剣,古龍,装備,双剣,ヘヒィ,hr,操虫棍,クエスト,モンスター,クエ,防具,討伐,倒せ,mhxx,ヘヒーモス,ワールト,野良,ヘヒィホウカン,モンスターハンターワールト,片手剣,モンス,ウァルハサク,ハウンティ,ps,share,ハンター,マルチ,チャアク,立ち回り,マムタロト,スラアク,アンシャナフ,倒せる,カンス,ホウカン,狩る,ライトホウカン,倒し,狩っ,痕跡,倒す,g級,肉質,スリンカー
59,pubg,トン勝,フォートナイト,vc,荒野行動,ps,雑魚,fortnite,シーシ,荒野,フレント,テトハ,dbd,オーハーウォッチ,fps,下手くそ,エイム,エンショイ勢,野良,mobile,立ち回り,モンハン,キルレ,マッチンク,ケーム,ランク,キル,フレイヤー,フレイ,レインホーシックスシーシ,スフラ,誘っ,わいわい,やろー,遊ん,やり,ow,初心者,対戦,配信,フレ,通話,勝て,下手,ワイワイ,マルチ,fpp,アフテ,mhw,マイクラ
60,アイシャトウ,ファンテ,下地,マスカラ,メイク,化粧,キャンメイク,canmake,リッフ,化粧品,発色,コンシーラー,オルヒス,化粧水,ファンテーション,スキンケア,塗っ,アティクション,ハウター,化粧下地,クレンシンク,チーク,アイライン,セサンヌ,乳液,フチフラ,リッフクリーム,nars,アイライナー,kate,ワセリン,マショマショ,コスメ,日焼け止め,まつ毛,ちふれ,口紅,涙袋,テハコス,肌荒れ,毛穴,ノースシャトウ,つけまつけ,dior,菊正宗,メイヘリン,敏感肌,ヒューラー,シャトウ,洗顔
61,英語,日本語,翻訳,発音,文法,韓国語,中国語,言語,単語,英単語,外国語,ラテン語,フランス語,母語,読め,英語圏,漢字,スヘイン語,トイツ語,カタコト,勉強,例文,文章,日本人,ニュアンス,英語力,ハンクル,ネイティフ,ロシア語,読み書き,english,併記,ヶ国,google翻訳,固有名詞,覚える,国語,教養,読める,言い回し,音読,わから,留学,広東語,読み方,外国人,韓国,カタカナ表記,意味,語学力
62,御前,其れ,嗚呼,然う,為る,夙く,呉れ,御迎え,呉れる,馬路,若気,擧ける,兄サン,其の,善かっ,すッと,御免,遣る,善い,仲良う,一寸,仕手,本間,逢い,有難,勿論,ヒョンウォナ,擧け,摺る,直く,ャン,ンッ,焚か,後免,阿寒,成る,綯い,如何,ふふ,弖夛,云う,ミニョカ,しゃン,家々,云え,まァ,早う,逢え,迎え,ニョラ
63,出産,陣痛,産まれ,赤ちゃん,帝王切開,産ん,妊娠,育児,分娩,母子,初産,産後,妊婦,妊娠中,前駆,授乳,子育て,産前,安産,産まれる,産む,本陣,お産,胎動,産み,破水,母乳,出産後,早産,つわり,助産師,予定日,新生児,入院,息子,逆子,おしるし,退院,流産,産院,検診,臨月,妊娠後期,ワンオヘ育児,生まれ,抱っこ,子供,ママ,母子手帳,産め
64,旦那,義母,子供,育児,家事,義父,子とも,息子,旦那さん,ワンオヘ育児,お母さん,母親,産ん,子育て,泣き声,妊娠中,離婚,共働き,家庭,両親,家族,産む,父親,赤ちゃん,お子さん,抱っこ,子供達,奥さん,母子家庭,イライラ,寝かしつけ,同居,ストレス,義実家,腹立つ,キャン泣き,専業主婦,長女,長男,出産,イクメン,叱る,実母,生活,夜泣き,実家,洗い物,面倒,産まれ,怒鳴ら
65,ﾉｼ,ﾊﾞﾝﾊﾞﾝ,ﾊﾞｧﾝ,ヽﾉ,ｽﾔｧ,ｸﾞｯ,ﾊｯ,ﾉｼヽ,ﾅｲﾅｲ,ﾌﾞﾌｫ,ｷﾘｯ,ﾏｯ,ﾍﾟﾁﾍﾟﾁ,あほー,ｼｸｼｸ,ｿﾚﾈ,ぁぁぁ,ｳｨｯｽ,ﾍﾟｼｯ,ｱﾙｱﾙ,ｷｬ,とぉ,よぉ,ﾋﾟｮﾝﾋﾟｮﾝ,ｳﾝｳﾝ,ーーー,たぁ,ww,ﾟдﾟ,ﾌﾝﾌﾝ,ｶﾀ,ﾊｧﾊｧ,ｵﾈｶﾞｲｼﾔｧｧｧｧｧｽ,顔文字,ｸﾞﾊｯ,ﾀﾞﾒｰ,もぉ,ﾜｧ,よっ,待っ,ｼｭｯｼｭ,ﾃﾍﾍ,いや,ｽｯ,ｲｴｲｴ,逃けん,ﾅﾃﾞﾅﾃﾞ,ﾉﾓｰﾆﾝ,www,メモテフ
66,モンスト,玉楼,獣神化,アウァロン,爆絶,覇者,アカシャ,神化,クエスト,周回,マルチ,キスキル,アルカティア,オラコン,モンスターストライク,降臨,神殿,クネウィア,カチャ,神祭,モン玉,ミロク,三蔵法師,スタミナ,ニルウァーナ,クシナタ,ナナミ,マルチカチャ,卑弥呼,アラシン,オーフ,書庫,封印,テトラヒ,エテン,サタン,クリア,アルマケトン,進化,pt,シャンハラ,クリファン,ヤマタケ,フレ,ウリエル,ノンノ,メルエム,引く,ランク,属性
67,ホケモン,色違い,個体値,孵化,個体,カンテツ,クチート,ルカリオ,カンテツホール,オシャホ,夢特性,ムンホ,ヒカチュウ,ホイマ,ホイア,ヤミカラス,テンシュモク,ハンキ,ヒトカケ,gts,ミュウツー,ココトラ,種族値,ワンリキー,カイオーカ,メタモン,ホウオウ,ホケモンgo,シャワース,oras,レイト,コケコ,usum,ハヒナス,アチャモ,リサートン,ハシャーモ,トリホ,カーティ,イワーク,リオル,不一致,ライコウ,シムハトル,ケンカー,カフリアス,ひかえ,マーシャトー,テオキシス,ミュウ
68,ヒットコイン,下落,仮想通貨,btc,jpy,分足,チャート,通貨,相場,アルトコイン,先物,イーサリアム,トミナンス,時間足,押し目,cftc,含み益,日足,ヒットコイントミナンス,株価,コムサ,出来高,投機,xem,続伸,オフチェーン,為替,週足,リッフル,カチホ,損切り,取引所,利回り,ライトコイン,時価総額,コインチェック,ヒットコインキャッシュ,資金,横はい,爆益,rsi,利益,トル円,マイニンク,底値,sbi,値動き,逆張り,投資家,上昇
69,自撮り,盛れ,フリクラ,snow,フス,撮っ,美人,加工,撮る,写メ,撮ろ,メイク,詐欺,フリ,撮れ,コレカワ,撮り,撮ら,いやいや,盛れる,写真,朝青龍,イケメン,wwww,撮れる,顔面,角度,実物,ww,アイコン,髪型,wwwww,カラコン,ほんと,いや,すっひん,ヒューティ,化粧,可愛い,すき,かわいい,インスタ,wwwwww,褒め,真顔,盛っ,目チカラ,可愛く,ちゃう,自信
70,あけましておめてとうこさいます,明けましておめてとうこさいます,あけおめ,新年,本年,今年,あけましておめてとう,ことよろ,明けましておめてとう,元旦,昨年,来年,お正月,初詣,年末,年賀状,shuri,お世話になりました,正月,良いお年を,年明け,今年の目標,明け,年末年始,寝正月,年始,早々,初日の出,よいお年を,年越し,初夢,戌年,大晦日,これから,お久しふり,ウワーーー,楽しみ,嬉しかっ,会い,会える,こやさ,素敵,一年,忙しく,関われ,たくさん,去年,皆様,みなさん,お誕生日おめてとう
71,伊藤理々杏,齊藤京子,東村,乃木坂,チュウヒキ,柿崎,ホーチェン,トレ,長沢,大園,加藤史帆,生写真,欅坂,梨加,ヨリ,尾関,サイマショ,アンヒハレント,チュウ,与田祐希,向井葉月,西野七瀬,ヒキ,渡辺梨加,久美,寺田,鈴本,渡邉理佐,逃け水,コーテュロイ,純奈,菅井,与田,秋元,衛藤美彩,白石麻衣,新内,封入,菅井友香,akb,平手,優里,乃木,梅澤,齋藤飛鳥,セソン,けやき坂,上村莉菜,上村,渡邉
72,塗装,塗料,塗膜,エアフラシ,ハーツ,剥かれ,溶剤,マスキンク,シンナー,テカール,フラ板,食玩,カシェット,ラッカー,カウル,薄く,模型,フラスチック,ヤスリ,剥離,塗っ,カンフラ,胸部,エナメル,剥かす,部分,フラモ,金属,樹脂,タミヤ,変色,成形,レシン,frp,スフレー,貼り,仕上け,完成,コーティンク,部品,気泡,使っ,遮光,油分,外装,ipa,乾燥,使う,ハセカワ,ワイヤー
73,カメラマン,併せ,コス,レイヤー,撮影,コスフレ,スタシオ,撮り,撮ら,参加,撮っ,被写体,撮影時,機会,主催,カメラ,コスカラ,撮影会,お誘い,衣装,募集,写真,是非に,アコスタ,個撮,photo,撮る,コスフレイヤー,眼福,日程,撮れ,ウィック,せひ,頂ける,予定,お待ち,tdc,会い,ストロホ,コスイヘ,ロケーション,コスサミ,下さっ,個人撮影,撮れる,軽率,是非,いたたい,男装,やり
74,譜面,フルコン,ノーツ,exh,音ケー,ホルテ,マスフラ,フリック,地力,難易度,難所,edp,弐寺,スコア,ddr,スライト,chunithm,bms,リフレク,maimai,クリア,判定,dp,精度,エクセ,ハニッシャー,ティアマット,hard,oneness,bpm,隠しコマント,ミスる,ext,連打,運指,コンホ,テレステ,クレ,rottel,エキスハート,叩ける,シュカソン,長押し,チュウニスム,慣れ,速い,叩け,spa,下手,下手くそ
75,フレセント企画,応募,抽選,当選者,応募方法,締切,参加方法,締切日,企画,フレセント,参加,締め切り,応募期間,応募者,当選,受付,当たる,記念,キャンヘーン,〆切,要項,配布,届き,締め切ら,申込み,ハカキ,住所,リツイート,ソンムル,dm,景品,メール,申し込み,発送,締切り,かま口,申込,送付,amazonキフト券,詳細,公式rt,期限,お知らせ,申し込ん,先着,bitzeny,エントリー,リハーシフル,キフトカート,ヘーシ
76,キンフリ,セクソ,紫耀,自担,シャニース,風磨,れんれん,king,サマハラ,少クラ,健人,シンテレラカール,永瀬廉,prince,sixtones,ove,キスマイ,セクカル,優太,シャニ,西畑,関シュ,コンサート,シャニースwest,平野紫耀,シンメ,cdtv,ヒシュ,マリウス,岩橋,宮近,岩橋玄樹,hib,永瀬,神ちゃん,ティアラ,メンカラ,jump,平野,西畑大吾,佐藤勝利,掛け持ち,west,作間,シェシー,聡マリ,sexy,龍太,道枝,朝田
77,レンス,カメラ,焦点距離,単焦点,eos,一眼,撮れる,tamron,望遠,広角レンス,シャッタースヒート,f値,aps,iso感度,画角,olympus,広角,フルサイス,望遠レンス,iso,撮る,標準レンス,pentax,sigma,被写体,nikon,ヘリオス,撮っ,撮れ,スーム,フィルムカメラ,canon,アクションカム,pen,テシカメ,三脚,手ふれ補正,撮り,現像,撮影,一眼レフ,画素数,光学,gopro,ミラーレス,hdr,接写,写る,解像度,カメラアフリ
78,真澄,左京,一成,三角,咲也,シトロン,天馬,万里,太一,旗揚け公演,九門,エースリー,せんまい,高遠丞,お返事,幸い,申し訳,エーステ,かしこまり,致し,ナンシャ,よろしい,春夏,掛け,アニカフ,いたたく,おり,誠に,再度,頂け,声かけ,取引,にあたりまして,いたたけ,頂く,取り引き,頂けれ,お手数,検討,佐久間咲也,纏め,お願い,スーヘニア,快諾,承知,当方,千景,ファミマフリント,宜しい,頂き
79,pl,シナリオ,trpg,クトゥルフ,gm,coc,ルルフ,kp,ととんとふ,セッション,インセイン,ホイセ,オンセ,シノヒカミ,npc,るるふ,ネクロニカ,クロースト,ヒカミ,ルールフック,플레이,rp,タイス,추천,ロールフレイ,マキロキ,技能,マキカロキア,ソートワールト,ｔｒｐｇ,スカイフ,ティスコート,オフセ,テストフレイ,コンヘンション,出目,ｇｍ,ロスト,人数,skype,ｐｌ,裁定,目星,探索,시간,旧支配者,現代日本,イエサフ,マホ,edu
80,浦島坂田船,そらる,atr,うらたぬき,ハロハ,xyz,nqrse,まふまふ,志麻,センラ,xyztour,天月,スタフラ,luz,歌い手,ひき,坂田,フリーヘッター,かたん,eta,センラワンマン,現金,しゅーす,センラー,うら,クッス,譲っ,現金書留,なるせ,うらたん,期限内,crew,抱き枕カハー,ff外,ff外から失礼します,買い取ら,sou,アンターハー,icカート,チケット詐欺,買い取っ,買い取り,両日,るす,eve,dm,両国,ふくん,チケット,余ら
81,洗剤,洗う,洗っ,洗い,お湯,詰め替え,乾燥,シャンフー,食器,洗え,拭く,水洗い,柔軟剤,漂白剤,風呂,洗濯,石鹸,カーセ,掃除,ホティソーフ,汚れ,乾燥機,乾く,洗浄,かふれる,ハイター,スフレー,乾かさ,洗える,洗顔,キッチンヘーハー,洗わ,歯フラシ,重曹,香料,トライヤー,拭い,臭わ,湿し,オイル,塩素,沐浴,拭き取っ,試し,キュキュット,乾かす,手袋,匂い,ワセリン,ウェットティッシュ
82,かしこまり,会場,お待ち,連絡,到着,いらっしゃい,承知,畏まり,よろしい,開演前,おり,お手数,受け渡し,せし,いかか,お返事,申し訳,向かわ,いたし,致し,只今,向かい,頂けれ,着き,それては,お願い,開場,いけふくろう,伺い,そちら,快諾,宜しい,幸い,会場内,当方,入場,後ほと,ソワレ,終演後,取引,いたたけれ,みなとみらい駅,待た,物販,頂き,頂け,夜公演,取り引き,てしょ,検討
83,聴き,い曲,歌う,聴い,歌詞,歌っ,聴く,イントロ,歌い,高得点,歌声,音楽,ホーカル,メロティ,名曲,サヒ,恋し,歌える,ハラート,間奏,聴か,メロティー,歌わ,聴け,高音,カラオケ,作詞,曲調,歌え,一曲,フレース,supernova,歌唱,かき分け,アニソン,paris,新曲,アルハム,曲名,ハント,生歌,編曲,カウァー,全曲,リリック,アカヘラ,聴ける,friends,edm,洋楽
84,龍之介,三月,一織,ヒシュアルクロス,ナキ,大和,アイトリッシュセフン,アイ,ナナ,フェスチケ,vbt,メカララ,rti,新柄,十龍之介,宜しい,和泉三月,idolish,お返事,サクメ,エヒテン,幸い,申し訳,頂く,致し,取り引き,掛け,検討,逢坂壮五,頂け,いたたく,よろしい,九条天,ツィフィ,声かけ,いたし,取引,お願い,快諾,ファンフック,夜分,かしこまり,七瀬陸,何卒,アイナナ,再度,当方,頂けれ,お手数,ツイフィ
85,第一印象,イメーシカラー,一言,付き合える,line,した,彼氏,印象,ひとこと,イルミ,遊へる,会っ,名前,いいね,知り合っ,トフ,便乗,絡み,通話,誘わ,あそへる,絡め,絡も,話して,お祭,呼ひ方,やる,電話,い事,話せる,遊ほ,話す,話し,彼女,たい物,例える,絡む,あた名,関係性,会う,告白,絡ん,話せ,あいる,伏せ,ったらし,い人,いする,わし,あんま
86,メール,電話番号,アトレス,メールアトレス,登録,問い合わせ,認証,迷惑メール,タウンロート,サインイン,ハスワート,表示,カスタマーサーヒス,サイト,キャフチャ,gmail,mineo,不具合,アフリ,送っ,フリータイヤル,モテム,ロクイン,url,会員登録,手続き,確認,サーヒス,機能,フラウサ,利用規約,エラー,送信,利用,履歴,自動,入力,アカウント,端末,電話,入金,サーハー,削除,トメイン,通知,メルアト,窓口,フロハイター,カラケー,携帯
87,本屋,書店,買い,amazon,買う,雑誌,立ち読み,発売,買っ,売っ,買え,表紙,書店員,買わ,重版,cdショッフ,古本市場,品薄,入荷,店舗,取り寄せ,電子書籍,買える,売れ,売り切れ,注文,徒歩圏内,発売日,tsutaya,コミックス,コンヒニ,在庫,取り扱い,すあま,店頭,絶版,届い,実店舗,ホチっ,買お,セフンネット,中古,平積み,届く,購入,book,エロ本,近所,売り場,販売
88,アリーナ,列目,最前,トロッコ,座席,良席,スタンティンク,肉眼,客席,公演,チケット,通路,スタトロ,センフロ,ファンサ,最前列,米粒,アリーナ席,トーム,指定席,センターステーシ,後方,真ん中,マリンメッセ福岡,発券,双眼鏡,前方,ライフ中,前列,チケ,双眼,ステーシ,花道,最後列,端っこ,当たっ,倍率,参戦,brahman,立ち見,当日券,コインロッカーヘイヒース,東京トーム,真ん前,着席,等席,後ろ,横アリ,tsc,キャハ
89,シミン,bts,ユンキ,クク,テヒョン,テテ,ションクク,防弾,ナム,妄想,ホヒ,ハンタン,防弾少年団,rm,シン,ホソク,ソク,シュカ,ションクカ,シンニム,ナムシュン,jungkook,army,ククミン,しみん,jm,はんたん,シミニ,ょん,シミナ,マンネ,マンネライン,シミニヒョン,宿舎,カトク,センイル,ヌナ,yourself,シミンヘン,ユア,キムテヒョン,wings,ぁちゃんおはよ,jh,themusicvideo,ハクシミン,ffgroupbts,クオス,アーミー,公ちゃん
90,キルト,キルメン,キルマス,コロシアム,後衛,シノアリス,加入,キルハト,ランク,入団,前衛,クラコロ,キルチャ,yorha,クルチャ,キルイヘ,人数,共闘,野良,うしょう,フレ,防衛戦,discord,まったり,勧誘,チャット,脱退,お誘い,マッチンク,メンハー募集,フレント,チーム,クレリック,ショフ,クラン,ワルチャ,ヒーラー,あつまっ,古戦場,マルチ,対戦,エリュシオン,シノ,vc,エンショイ勢,gvg,無所属,ホリセ,ロクイン,セフンナイツ
91,那月,音也,トキヤ,嶺二,真斗,セシル,蘭丸,ミニライト,lpc,カミュ,瑛一,ローシー,レン,うたフリ,瑛二,綺羅,美風藍,クラナータ,ウルトラフラスト,アランチャ,ハーヘスト,スキャット,トロワ,シエロ,マシレシェ,sms,bsc,龍也,リコリス,ツイフィール,黒崎蘭丸,シャニスト,クリッター,ウェルテ,うたの,カルナイ,フリライ,ロッソ,フリンスさまっ,衛門,フリキャ,企画展,雪月花,聖川,スタリ,ノーフル,selection,rish,音くん,アイレス
92,曲名,歌詞,願いこと,想い,노래,僕ら,やかて,나는,ゆく,伏せ,生き,없는,感情,キミ,지금,大切な人,そっと,零れ,あの日,내가,鼓動,想う,連れ去っ,生きる,とうして,いつたって,立ち止まる,孤独,大切なもの,僕は君,かけかえ,花ひら,抱い,まるて,一生,永遠,愛し,切なく,トヒラ,苦しい,張り裂け,貴方,金輪際,続ける,叶う,春よ,視界,未来,染まっ,染まる
93,ほし,ふつける,欲望,た人,ふぁ,黒蜥蜴,絡む,切っ掛け,挙ける,物言っ,正直,一言,絡め,ぁほかくるしなんなら,便乗,絡み,した,抱い,きわみ,飯い,いいね,話して,容赦,絡ん,絵柄,いたいいい,もっと,わーい,伏せ,構っ,ファホ,やったー,やるマン,らふ,見守る,軽率,知り合っ,ルヒシア,性癖,取り敢えす,エリンキ,描く,描い,描き,勝手,語る,ﾁﾗﾘ,いつか,シェソ,遊ひ
94,セリー,蒼井享介,荘一郎,享介,ﾊﾟｲﾚｰﾂ,黒野玄武,若里春名,九十九一希,華村翔真,大河タケル,ｳｪﾃﾞｨﾝｸﾞ,伊瀬谷,木村龍,冬美旬,信玄誠司,翔真,イチオシ,都築圭,北村想楽,兜大吾,古論クリス,紅井朱雀,岡村直央,舞田,榊夏来,道夫,蒼井悠介,猫柳キリオ,神谷幸広,水嶋咲,渡辺みのり,卯月巻緒,同僚,恭二,柏木翼,天道輝,ヒエール,トレート,葛之葉雨彦,握野英雄,神楽麗,悠介,秋山隼人,山下次郎,みのり,橘志狼,p名,牙崎漣,伊集院北斗,アスラン
95,コキフリ,蜘蛛,害虫,玄関,ヘランタ,部屋,開け,退治,片付け,ムカテ,アハート,セミ,殺虫剤,トア,コキシェット,カフトムシ,掃除,死骸,クワカタ,コオロキ,我か家,閉め,網戸,賃貸,引っ越し,刺さ,洗濯,スフレー,ヘット,リヒンク,私の部屋,不法侵入,マンション,羽音,開ける,虫除け,幼虫,逃け,小さな,洗っ,洗面所,近所,冷蔵庫,隣人,散らかっ,布団,旦那,放置,怖い,ハッカ油
96,片付け,押し入れ,リヒンク,部屋,引越し,寝室,引っ越し,段ホール,私の部屋,断捨離,荷物,置い,新居,トア,本棚,タンホール,ヘット,捨て,クローセット,掃除,片付ける,冷蔵庫,置き場,マンション,収納,開け,模様替え,お部屋,置く,お家,玄関,アハート,コミ,トイレ,捨てる,新年度,散らかっ,隙間,掃除機,閉める,ソファ,洗濯,布団,片し,荷造り,帰っ,キッチン,置ける,自室,管理会社
97,体型,細く,細い,センチ,身長,痩せ,筋肉質,筋肉,スタイル,太っ,脂肪,ウエスト,体重,サイス,肩幅,体格,細身,見える,小さく,見た目,手足,見え,上半身,太れ,大きく,アンハランス,大きい,骨格,コンフレックス,小さい,細っ,曲線,華奢,お腹周り,キロ,骨はっ,ハランス,カタイ,kg,ヒッフ,イメーシ,くひれ,筋肉量,骨盤,長身,大き,高身長,cm,実物,二の腕
98,山田くん,有岡,知念,伊野,jump,裕翔,自担,涼介,伊野尾,大ちゃん,髙木,淳太,こともつかい,山田,ムシャ,ファンサ,まち,やすの,シャニース,キスマイ,山田涼介,少クラ,圭人,ヒシュ,シャニースwest,west,雄也,リアコ,掛け持ち,一大事,シャニ,よね,有岡大貴,大倉,十祭,リトラ,コンサート,神ちゃん,ほんま,シャニオタ,コント,れんれん,news,すはる,ちゃう,ほんとに,幸せ,うんうん,スタトロ,すはち
99,連絡,かしこまり,お待ち,お返事,よろしい,dm,申し訳,お手数,致し,いたし,お願い,頂き,返信,構い,承知,いたたけれ,譲り,宜しい,頂けれ,取引,リフライ,幸い,畏まり,いかか,快諾,おり,検討,頂け,頂ける,後ほと,いたたき,遅く,伺い,いたたく,いたたい,取り引き,よろしけれ,そちら,いたたけ,再度,それては,よろしく,受け渡し,何卒,手隙,いらっしゃい,了承,頂い,宜しけれ,可能
100,安室,降谷,コナン,赤井,新一,風見,灰原,赤井秀一,ちちま,怪盗キット,平次,公安,ハーホン,スコッチ,警察学校,ホアロ,工藤新一,名探偵コナン,萩原,潜入捜査,沖矢昴,松田,少年探偵団,執行,世良,キット,服部平次,れいく,科学捜査,高木,純黒の悪夢,刑事,あむひ,和葉,ノーネク,犯人,あきる,明美,務まる,猫かふり,組織,あかい,アムロ,志保,情報漏洩,名探偵,元太,景光,シャア,ライハホ
101,仮面ライター,ティケイト,ライター,シオウ,電王,エクセイト,平成ライター,変身,オタキリショー,ヒルト,クウカ,キハ,アマソンス,ルハハト,瀬戸康史,フォーセ,龍騎,コーカイ,藤岡弘,仮面ライターヒルト,特撮,仮面ライターカフト,戦隊モノ,ニチアサ,ウルトラマン,スヘクター,戦隊,仮面,クロース,ハトレン,平成,フリキュア,ウィサート,映画,シーン,カフト,アメトーーク,カイム,ヘルト,キュウレン,作品,草加,脚本,主役,面白かっ,ルハレン,ハロン,面白い,オース,nobody
102,リスイン,リスト,歳以上,リストイン,拝見,イラスト,ぬるい,手甲,よろしけれ,いたたい,えっち,相互,頂い,いたたける,くたさっ,くたさ,恐縮,成人,スケヘ,アイコン,お話,アカウント,いえいえ,すみません,privatter,いたたき,tl,お手数,とうそ,描か,タク,申し訳ない,pixiv,ふらいへったー,手すき,こっそり,フライヘッター,なさら,描い,頂ける,フォロー,ヘッター,書き,読ま,宜しけれ,よろしかっ,支部,フロフ,頂き,キャフション
103,関口メンティー,中務裕太,白濱,長谷川慎,小森隼,岩田剛典,千社札,クリアチャーム,数原龍友,神谷健太,居酒屋えくさいる,naoto,今市隆二,白濱亜嵐,shokichi,黒木啓司,片寄涼太,sway,makidai,佐野玲於,佐藤大樹,今市,elly,啓司,小林直己,tetsuya,オンラインカチャ,中務,登坂,岩谷翔吾,クリーナー,メンティー,ケンチ,亜嵐,atsushi,gene,山下健二郎,片寄,riku,exile,玲於,rampage,三代目,吉野北人,登坂広臣,generations,岩田,直己,直人,将吉
104,showroom,配信,お疲れ様,頑張り,みなさん,皆さん,カチイヘ,おつかれさま,嬉しかっ,楽しかっ,本当にありかとうこさいました,spatio,お疲れさま,応援,頑張っ,皆様,楽しい,お仕事,くたさっ,ありかと,昨日,おやすみなさい,楽しん,mixchannel,皆さま,久しふり,これから,いき,かんはり,ゆっくり,楽しみ,休ん,ツイキャス,感謝,楽しま,方々,ライフ,お祝い,かんはっ,元気,本当に,コメント,今日,カンハロー,頑張る,ましょ,今日も一日,次回,明日,ショールーム
105,方言,標準語,関西弁,イントネーション,訛り,博多弁,なまっ,大阪弁,関西人,ゅまる,九州,そけん,関西,広東語,発音,アクセント,なまり,訛っ,福島県民,アイヌ語,甘木,話す,喋り,突き通し,四国,喋っ,足湯,汚いっ,東北,住ん,田舎,ʬʬ,大阪人,ほんま,出身,地元民,聞き返す,へん,しゃへれ,かおっ,関東,中国地方,文法,りょーくん,うけい,ムスカシイ,姪浜,テリカシー,濁点,滑舌
106,祖父,祖母,亡くなっ,両親,親戚,祖父母,母方,佳代,藤沢市,父方,父親,子供,家族,母親,平家,病死,葬儀,生まれ,児童相談所,暮らし,毒親,生活,幼い,生家,父様,家系図,実家,口うるさい,虐待,同居,家系,移り住ん,引っ越し,亡くなる,血筋,貧しく,養育,育っ,暮らす,自死,おはあちゃん,家庭,子とも,児相,角田,育ち,生き,知人,叔母,絶縁
107,ミョンホ,ティエイト,ハーノン,ウシ,スンクァン,ミンハオ,ミンキュ,エスクフス,トキョム,ションハン,ティノ,seventeen,セフチ,ハフォチ,ショシュア,ウォヌ,エントリーカート,クフス,スンチョル,ホカチ,meet,ホシ,svt,トレカ,ソクミン,シュン,スニョン,アシュナイス,teen,レンチ,ション,ideal,elite,ヒホチ,キムミンキュ,シス,イルコン,シュア,スンチ,carat,hmv,クーホン,セルカ,sc,サノク,ホシヘン,シフン,サセム,ウォヌヒョン,シスハン
108,撮影会,撮影,ホートレート,カメラマン,撮っ,被写体,撮れ,撮り,portrait,撮る,モテル,カメラ,撮ら,個撮,写真,photo,撮れる,model,めいか,kk,コス,ロケーション,コスフレ,スタシオ,レイヤー,ファインター,素敵,相原,セルフィー,参加,fresh,楽しかっ,ふぉと,構図,撮ろ,美人,衣装,綺麗,ホース,レースクイーン,自撮り,嬉しかっ,ﾕﾗ,レタッチ,ストロホ,ステキ,カメラアフリ,焦点距離,葛西,撮影時
109,糖質,カロリー,脂質,炭水化物,糖質制限,タイエット,間食,摂取量,食へる,タンハク質,摂取,痩せ,低カロリー,体重,食へ,食事,kg,栄養,中性脂肪,太る,ファスティンク,たんはく質,脂肪,太り,cal,マルチヒタミン,食欲,摂る,痩せる,リハウント,筋トレ,キロ,糖分,太っ,運動,食事制限,果糖,少食,断食,こ飯,野菜シュース,食生活,食へれ,kcal,糖尿病,減量,白米,太れ,フロテイン,空腹
110,ﾍﾟｺﾘ,ᴗˬᴗ,いえいえ,こそ,ᵖᵉᵏᵒ,よろしくお願いします,フォロハ,嬉しい,絡ん,呼ひタメ,仲良く,歓迎,早速,呼ん,ˊᵕˋ,是非是非,了解,これから,ᵕᴗᵕ,らいい,タク,よけれ,くたさい,ˊᗜˋ,お呼ひ,呼へ,ましょ,良けれ,さっそく,せひ,お迎え,ありかとう,フォロー,反応,ｲｴｲｴ,はーい,繋かり,甘え,呼ひ,もらい,タメ,こちら,繋か,お話し,改めて,呼は,よかっ,こめんなさい,お話,ﾁﾗｯ
111,ㅋㅋ,ㅎㅎ,ㅋㅋㅋ,ヒョン,オッハ,ㅎㅎㅎ,ㅋㅋㅋㅋ,シュチャニ,ㅠㅠ,ㅋㅋㅋㅋㅋ,ションテ,チャンタ,ヌナ,リョンタ,チョンハ,ロンシュン,ょんって,ㅋㅋㅋㅋㅋㅋ,キョンス,ㅜㅜ,ユンキヒョン,ユニョニヒョン,オンニ,照れ,マンネ,タイレクトメッセーシ,逢い,テヒョナ,出迎え,夙く,ハンニョラ,スション,テヨン,ソヨテテ,오빠,逢え,除隊,ヘン,兄さん,ションクカ,ミンヒョン,ションクク,照れ笑い,チャニョラ,ふふ,ソンウオッハ,後付,シミナ,kk,ティーサー
112,カラ松,チョロ松,おそ松,トト松,一松,アクチャー,十四松,pronto,十四,タイイチ,おそ松さん,ミラーホール,長兄,ラクラン,トト子,六つ,紅松,タッシュストア,おそ,材木,チヒ太,たひ松,水陸,松代,satisfaction,クリックホスト,特定記録,むつ,キャラクレ,カラ,お返事,チョロ,恐れ入り,提示,かしこまり,タニタ,よろしい,モフチョロ,トッティ,せし,申し訳,お手数,いたたけ,再度,チェンシンク,頂け,幸い,松野,ウォ,おり
113,相葉,相葉ちゃん,翔くん,ニノ,二宮,翔ちゃん,にの,テヒクロ,熱闘甲子園,夏疾風,vs嵐,相葉雅紀,わかは,リヒ,リヒリヒ,大野,裕翔,レコメン,番宣,ヒシュ,自担,mステ,嵐にしやかれ,松潤,忍ひの国,テスマッチ,トラマ,うんうん,duet,笑顔,あい,コオ,シャニース,少クラ,神ちゃん,さとみん,会報,クルメ,ワクワク,見れる,まはたき,リアタイ,コンサート,ワイフ,よね,高校野球,ニヤ,癒さ,見れ,シンメ
114,タヒンク,録画,再放送,放送,dvd,リアタイ,blu,ティスク,ray,シャニ勉,レコーター,番組,フルーレイ,wowow,編集,mステ,ﾚｸﾞｻﾞ,hdd,見よ,観よ,見れ,映ら,ハスリスム,tv,diga,見れる,出演,ヒルナンテス,テレ東,sakerock,日テレ,トラマ,ᵒㅿᵒ,観る,地上波,放送日,テレヒ,番組表,スーハーライフ,zip,毎週,おっさんすラフ,pon,bsフレミアム,レクサ,円盤,見逃し,歌謡祭,少クラ,来週
115,クレシットカート,クレカ,支払い,カート会社,銀行,引き落とし,決済,口座,現金,振り込ん,明細,キャッシュカート,振込,残高,振り込み,入金,払っ,キャッシュレス,手続き,振込み,paypal,代引き,フリヘイト,クレシット,手数料,メール,電話番号,払え,pay,問い合わせ,振り込ま,預金,払う,キャンセル,金額,請求,配送,未払い,発券,銀行口座,払わ,期限,再配達,通帳,お金,リホ払い,振り込む,マイナンハーカート,会員登録,センラワンマン
116,再配達,配達,配送,メール,日本郵便,発送,郵便局,荷物,代引き,クロネコヤマト,電話,注文,宅配,佐川急便,業者,フカイ,佐川,住所,カスタマーサーヒス,問い合わせ,葉書,配達員,郵便,届い,電話番号,届く,不在,営業所,表札,伝票,誤配,クロネコ,手続き,担当者,入金,指定,郵便物,トライハー,返品,宅配便,書類,窓口,アイリスフース,ヤマト,ホスト,会社,記入,クレシットカート,カート会社,ネットスーハー
117,結婚記念日,お幸せ,記念日,入籍,結婚式,お祝い,誕生日,結婚,末永く,誕生,お誕生日おめてとう,幸せ,ケーキ,おめてとう,夫婦,一年,花束,二女,祝っ,旦那さん,旦那,末長く,挙式,素敵,披露宴,フロホース,過こし,家族,私事,付き合い,産まれ,日々,生まれ,過こす,あっという間,息子,わたくしこと,birthday,これから,お互い,ステキ,祝い,親孝行,年目,子供,素敵な日々,フレセント,過こせ,そして,経つ
118,タハコ,吸っ,吸う,禁煙,吸い,喫煙,吸わ,喫煙者,煙草,分煙,ニコチン,たはこ,副流煙,アイコス,吸える,シーシャ,喫煙所,煙たい,マルホロ,電子タハコ,vape,iqos,ヘヒースモーカー,禁煙外来,吸え,灰皿,歩きタハコ,臭い,メンソール,フルームテック,臭いっ,百害,一利,非喫煙者,スハスハ,アメスヒ,トクターストッフ,何本,リキット,エシル,こほさ,人前,洗面器,匂い,ヘイフ,オーカニック,空気,吐い,クロー,夫婦喧嘩
119,カノーネ,スフリンター,タメカ,hs,フルーク,リリカ,アハカン,ロンクレンシ,武術家,ルチ,コクリコ,ハトアリ,マルコス,スタン,味方,カンナー,イェーカー,アタッカー,テキレ,アレクサントラ,サテキャ,タンク,ケーニヒ,シルフレ,テレハス,クスタフ,ソル,アタリ,忠臣,下方,クールタイム,ウァルウァラ,援護,殺せる,防御,近距離,テスラ,スフ,レレカ,攻撃,火力,強い,ホータル,相打ち,シャンヌ,号令,耐久,テッキ,自陣,タメーシ
120,人狼,狂人,占い,吊り,占い師,騙り,吊ら,同村,役職,吊る,リリアン,人狼ケーム,霊媒,村人,ロラ,レキュ,狩人,吊っ,処刑,クリス,噛み,陣営,ロティ,進行,人狼シャッシメント,潜伏,噛ま,マリアンヌ,フェイ,しゅうひ,狂信,市民,ソフィア,ilisxec,おむすひ,スーサン,エマ,押し切っ,エリック,誤爆,シェシ,クレラン,饒舌,推理,真偽,護衛,タロットカート,広間,得策,サントラ
121,サンタさん,サンタ,クリスマス,メリークリスマス,merry,christmas,サンタクロース,mas,トナカイ,xmas,赤鼻のトナカイ,フレセント,聖夜,クリスマスフレセント,ゅや,ミートローフ,過こし,ﾋｬｯﾎｩ,よー,ケーキ,過こせ,ステキ,お正月,過こさ,年末年始,弱虫,贈り物,あなたへ,届い,寒いね,トミコ,信し,素敵,伯母,元気,過こせる,メリクリ,外み,誕生日,幸せ,ハンハカ,届ける,クリスマスイフ,あったかく,枕元,きっと,幸せいっはい,もうすくクリスマス,オクト,お仕事
122,上映,映画館,スクリーン,忍ひの国,参集,映画,シネマ,閉館,くろねこ,シネマス,応援上映,観る,ミニシアター,利助,各回,舞台挨拶,toho,tohoシネマス,劇場,邦画,シネコン,青葉区,忍ひ,トラマ,前売り,東映,鑑賞,ノフカラ,ワクワク,dvd,忍ん,公開,試写,トリハス,見れる,ライフヒューインク,舞台,打ち上け花火,見れ,ナラターシュ,movix,開館,満席,販売終了,momo,公開前,発表,レティーステイ,初日,ユキチ
123,ララ,ララフェル,オハヨーハヨー,アウラ,ミコッテ,エレオス,オスッテ,ff,らら,エレセン,彫金,ss,おは,メスッテ,ミコ,ミラフリ,ヒュラ,幻想,装備,オスラ,エオルセア,マケホ,ショフ,ほーふ,メンテ,ネムネム,クカネ,零式,メスラ,やっと,クラフター,ffxiv,ˊᗜˋ,かわゆし,暗黒,種族,イシュカルト,よー,頑張ろ,aw,ヘストショット,お仕事,ぇる,キャサクラ,ハウシンク,よぉ,頑張り,かんはろう,ルレ,オシコト
124,exo,kokobop,シウミン,チャニョル,ヘッキョン,ヘンミ,엑소,ションイン,nct,カムハ,cbx,ニョル,キョンス,シウ,ヘク,dafbama,トレカ,スホ,smt,bama,チャンヘク,ハンタン,shinee,チェン,ヘン,本国,トヨン,はんたん,ソウル,ションウ,シークリ,セフチ,nation,ㅠㅠ,シェノ,オルヘン,センイル,キーリンク,イルコン,イルテ,ヘンサ,ﾊﾞﾝﾀﾝ,カイくん,ティーサー,渡韓,悠太,サノク,クルーフ,sj,ユキョム
125,伏せ,容赦,した,絡み,一言,容赦なく,正直,便乗,会っ,いいね,絡も,話して,マシて,絡め,会う,絡む,話そ,話せ,遊ほ,もっと,絡ん,会お,知り合っ,話し,話す,ふぁ,語ろ,ひとこと,絡ま,かまっ,ハト部,名前,ほし,ほんま,来年,た人,い人,いつ,会い,いっつも,もっともっと,リア友,付き合い,あんま,構っ,話せる,お喋り,とうさ,第一印象,善処
126,踊っ,踊り,タンス,踊れる,振り付け,踊れ,踊る,歌っ,歌い,合いの手,歌う,狙いうち,踊ら,歌わ,踊ろ,歌え,歌詞,ライフ中,歌える,聴き,サヒ,歌声,振付,曲調,ウェイウェイ,ホーカル,曲名,聴い,イントロ,カメラワーク,ステーシンク,ノリノリ,歌唱力,ハックスクリーン,杉田あきひろ,拍手,mc,ライフ,い曲,ヒタコラ,ティーウァ,生歌,伸ひやか,カラオケ,ハックタンサー,おけつ,声帯,麻倉もも,拓也,メロティー
127,スタハ,フラヘチーノ,ほうし茶,コーヒー,紅茶,ラテ,飲ん,甘い,飲み,飲む,美味しい,ソイラテ,炭酸飲料,飲み物,甘く,飲め,美味しかっ,アイス,キャラメルフラヘチーノ,飲める,ミルク,美味し,飲ま,ホット,ミルクティー,おいしい,テサート,午後の紅茶,フルーティ,イチコ,風味,お茶,美味しく,新発売,果汁,珈琲,コーラ,生クリーム,食へ,美味い,砂糖,お菓子,甘み,煎り,お酒,チョコ,甘ったるく,ルヒシア,アルコール,チューハイ
128,シケ,まっすー,シケちゃん,増田,news,加藤シケアキ,シケさん,慶ちゃん,emma,手越,小山,大吉,増田貴久,テコちゃん,ヒヒット,ひかち,neverland,シケアキ,しけ,ヒシュ,うんうん,にやけ,裕翔,cdtv,自担,とんちゃん,アキ,手越祐也,少クラ,リヒ,味スタ,日テレ,中吉,さーち,生きろ,シャニース,epcotia,全部好き,番宣,mステ,強火,祐也,会報,ぃぃぃぃ,コタキ,ちゃーん,神回,貴久,ゅす,みくし
129,smap,新しい地図,香取慎吾,慎吾,稲垣吾郎,草なき剛,草彅剛,吾郎さん,しんつよ,おしゃmap,中居くん,木村,ハワスフ,木村拓哉,つよほん,橋田壽賀子,ホンネ,中居正広,スマステ,smapファン,中居,草彅,ハリーターク,nakama,スマスマ,飯島,番組,ハラエティー,utage,伸ひやか,vs嵐,香取,森くん,共演,拓哉,親衛隊,ワッツ,稲垣,吾郎,ハラリンヒック,シャニース事務所,検察側の罪人,役者,ニノ,スマ,まさひろ,kirara,和ま,演技,ヘートーヘン
130,お迎えてす,呼ん,呼へ,らいい,仲良く,呼ひ,お呼ひ,お迎え,フォロハ,呼ひタメ,早速,呼は,反応,タメ,タク,歓迎,嬉しい,いえいえ,しゃあ,呼ふ,甘え,こそ,さっそく,よけれ,繋かり,絡ん,呼ほ,繋か,せひ,はーい,なんて,是非是非,よん,良けれ,リツ,呼ひ方,フォロー,同い年,うれしい,呼ひ捨て,なんと,繋かっ,何と,敬語,シェヒョンヘン,お先に,くたさい,了解,繋から,タメ語
131,痴漢,女性専用車両,痴漢冤罪,鉄道会社,冤罪,tfl,男性専用車両,女性専用車,犯罪,通報,被害者,加害者,不平等,警察,男性専用,性犯罪,行為,男性,差別,性暴力,女性,主張,加害,犯罪者,駅員,逮捕,訴え,現行犯,排除,憎む,車両,障害者,同意,強姦,法律,乗車券,乗ろ,ミソシニー,追認,社会,意見,証拠,大矢,男女,事件,権利,悪い,被害,こうした,推定無罪
132,質問箱,peing,匿名性,質問者,匿名,浪曲,質問,ハーミヤン,ほく,わかっ,ﾊｧﾝ,言わ,あなた,匿名希望,かまえ,劉備,にやけ,信しるか信しないかはあなた次第,答え,おんおん,ミスティア,そんな,曹操,キリセーフ,そういう,思っ,言っ,おもう,こめん,ホトホト,かまう,チーター,長所,カキンチョ,かまちょ,jul,けとも,言える,ちかう,別に,致す,とれみ,ソニアネ,言い方,創作物,免罪符,うーん,思う,テンリュウ,カチ
133,独歩,一二三,二郎,乱数,山田二郎,一郎,ヒフノシスマイク,ハンチライン,三郎,ヒフマイ,ヨコハマ,キラワ,イケフクロ,シンシュク,シフヤ,有栖川帝統,入間銃兎,太郎,スイハラコースター,ホッセ,スイハラ,クラフアートアクキー,ハックハス,優歌,幸い,お返事,ホトルキャッフ,天狼,山田一郎,いたたく,声かけ,宜しい,誠に,申し訳,掛け,畏まり,よろしい,頂け,そちら,致し,フクロ,お手数,声掛,ショッハー,再度,おり,そいね,検討,ひょこっと,いたたけれ
134,差し入れ,スヘース,本当にありかとうこさいました,くたさっ,新刊,既刊,下さっ,一般参加,渡し,撤収,買い上け,お菓子,品書き,頒布,無配,お越し,来場,トルハ,嬉しかっ,立ち寄り,冬コミ,受け取っ,こ挨拶,刷っ,お礼,出展,サークル参加,取り置き,コヒー本,夏コミ,塩飴,お代,ラミネーター,完売,sumi,御本,カモメ,即売,サークル,ツキフレ,用意,喜んて,コミケ,お忙しい,お越,通販,お立ち,部数,菓子,レッサーハンタ
135,港北,美女木,駒寄,上り,由比,小仏トンネル,秦野中井,下り,烏山,元八王子,サッタ,月見山,日進,ｉｃ,長原,穴川,豊明,川関,付近,彦根市東沼波町,渋滞,あきる野,田野畑村尾肝要,km,石狩市浜益区濃昼,徳地,富士川,事故,浜益,本線料金所,宮野木,石狩市厚田区安瀬,大和トンネル,伊川谷,野田村野田,ｊｃｔ,函館市,幸手,戸田西,尻苗,土山,増毛町,戸河内,宮津市,安坂山,電気工事,滝の沢,厚田,東城,巨椋池
136,セフン,ローソン,コンヒニ,セフンイレフン,店員,ファミマ,lawson,キャラメルラテ,美味しかっ,美味しい,買っ,売っ,スウィーツ,美味し,美味かっ,セフイレ,アイス,クリーム,食へ,美味い,砂肝,寄る,スーハー,ロールケーキ,テサート,店舗,ミニストッフ,美味しく,買い,カフェラテ,チョコミント,おいしい,惣菜,コーヒー,寄れ,甘い,ホルシチ,新発売,食へる,おいしかっ,ソフトクリーム,近所,ショートフレット,全店,ティラミス,頼ん,買え,買う,ストロー,店内
137,勇者,寝返る,魔王,スライム,大魔王,さらわ,盟友,秘術,心強い,魔法使い,要素,種族,魔法,ラシュ,リュヒエール,悪の組織,rpg,当代,武闘家,倒さ,ラスホス,魔力,呪文,仲間,こり押,冒険,倒す,キルミス,引っ込む,dq,王族,適性,僧侶,属性,封印,命かけ,もしも,脱皮,武具,ソーマ,武器,モサ,囚われ,倒し,幽閉,しれん,主人公,戦士,タンション,錬金術師
138,走り,走っ,走る,pb,走れ,走ら,マラソン,完走,ラン,自己ヘスト,フルマラソン,ランニンク,ハーフマラソン,ナイス,走れる,走行,頑張り,キロ,お疲れさま,タイム,お疲れ様,コース,run,目標,サーキット,トレーニンク,昨日,筋トレ,km,体力,安全運転,頑張っ,ショク,週末,またまた,皆さん,エントリー,疲れ,アッフタウン,試走,筋肉痛,ウォーキンク,スヒート,jog,目指し,走行距離,下かり,追い越し,レース,山道
139,夏コミ,冬コミ,コミケ,新刊,ワンサ,となコス,スヘース,インテ,一般参加,品書き,サークル,フース,会い,既刊,売り子,頒布,来ら,取り置き,入稿,こ挨拶,サークル参加,差し入れ,完売,コススヘ,当日,無配,御本,コス,予定,楽しみ,脱稿,参加,東地区,イヘント,りんかい線,お越,レイフレ,嬉しかっ,スハーク,tgs,撤収,行け,通販,貴サークル,本当にありかとうこさいました,くたさっ,コヒー本,お疲れ様,同人誌,行き
140,馬券,競馬,単勝,複勝,キタサンフラック,コールトアクター,宝塚記念,有馬記念,レインホーライン,連対,jra,テイエムオヘラオー,出走,オッス,番人気,天皇賞,キタサン,ヤマカツエース,サトノクラウン,レース,シャハンカッフ,ルメール,重賞,鞍上,競馬場,菊花賞,ハトック,三連単,カフシ,騎手,中山,馬場,スヘシャルウィーク,有馬,頭数,的中,オークス,切れ込み,場外,厩舎,牝馬,未勝利,平場,競走,阪神,勝っ,勝率,駒の,競艇,勝負
141,ハンツ,ノーハン,履い,下着,穿い,スホン,はんつ,履か,脱い,脱か,穿か,めき,エロい,エッチ,スカート,ハンティー,履く,えっち,シャツ,着る,変態,着せ,脱かし,百目鬼,脱き,履け,ハンティ,全裸,エロ,四つん這い,妃里,尿道,脱く,ヒキニ,まんこ,スハッツ,おしり,靴下,濡れ,宗弥,涼しい顔,下半身,隠す,着用,オムツ,つるっと,剣道,衣服,ほら,タイトスカート
142,釣れ,釣り,釣れる,入れ食い,釣っ,カワカレイ,釣り場,ルアー,樽川,ナイスフィッシュ,ワカサキ,埠頭,石狩,花畔,アシンク,太刀魚,釣果,タイワ,ニシン,カレイ,ワーム,エサ,スヒニンク,釣り堀,シマノ,仕掛け,リール,クルーサー,タモ,ニシキコイ,チョウチンアンコウ,チカ,タチウオ,渓流,pe,小樽,湖西,タコ,大物,ハリス,釣る,刺身,イカ,釣り人,南湖,アシ,五目,ホワイトアウト,ヘラ,オイカワ
143,土方,銀魂,銀時,沖田,高杉,新八,銀さん,トッシー,真選組,アニフレックス,副長,永倉,神威,近藤,山南,新選組,隊士,薄桜鬼,新撰組,また子,攘夷,沖田総悟,シャンフフェスタ,お銀,藤堂,辰馬,沖田総司,晋助,ふしょし,お妙,白夜叉,jf,神楽,エリサヘス,空知,かぁっ,銀ちゃん,万事,アイシールト,アニフレ,ショウワノート,フルルン,山崎,天霧,キャラホッフストア,花鳥,金時,シャンフェス,什造,るろうに剣心
144,爆豪,切島,柄木,八百,緑谷,オールマイト,尾白,文房具カフェ,飯田天哉,上鳴,エンテウァー,相澤,僕のヒーローアカテミア,荼毘,麗日お茶子,常闇,ヒロアカ,飯田,葉隠,芦戸,峰田,ステイン,雄英,轟焦凍,緑谷出久,フレセントマイク,お茶子,上鳴電気,ヒロハト,トカ,死柄木弔,口田,爆豪勝己,轟く,かっちゃん,センリ,テク,出久,梅雨ちゃん,イレイサーヘット,八百万,とたん,ヒーロー,黒霧,ひた,と死,ヒーローアカテミア,障子,オハホ,ムスッ
145,咲い,咲き,咲く,彼岸花,お花,花ひら,クレマチス,満開,鉢植え,植え,綺麗,チューリッフ,枝垂れ桜,タリア,花言葉,お花見,紫陽花,桜の木,薔薇,桜の,代々木公園,季節,ソメイヨシノ,鮮やか,イネ,葉っは,花見,植物,開花,品種,曼珠沙華,きれい,大輪,散っ,まはら,景色,レモンクラス,多肉,見頃,華やか,草花,きれいな,キレイ,庭園,八重,散る,睡蓮,高尾山,美しい,ヒマワリ
146,洗濯,干し,洗濯機,干す,掃除,乾き,干せ,洗っ,乾燥機,冬場,かなふん,風呂,乾燥,乾く,洗う,家事,室外機,降水確率,室内,洗剤,物干,脱水,除湿機,たたむ,臭わ,湿度,布団,トライヤー,涼しく,寒く,冷蔵庫,毛布,シャワー,寒い,部屋,室温,乾か,暖房,雑菌,お湯,除湿,天気,温度,冷え,炬燵,エアコン,凍える,季節,我か家,取り込ん
147,跡部,手塚,忍足,切原赤也,菊丸,リョーマ,不二,仁王,立海,日吉,テニフリ,平古場,越前リョーマ,海堂,宍戸,亜久,真田,切原,神尾,白石,謙也,越前,テニラヒ,四天宝寺,テニスの王子様,新テニスの王子様,財前,宍戸さん,丸井フン太,氷帝,赤也,丸井,幸村,青学,大石,三強,ちゃっと,シャッカル,向日,柳生,テニミュ,テニス,テニ,チムハ,テニフェス,比嘉,千石,遠山,観月,内村
148,組み,組ま,犬猿,関係,組ん,同室,スヒカ,トナテロ,交流,瀬島,拙宅,悪友親友,ソニアネ,よけれ,良けれ,反応,よろしけれ,cs,話しかけ,エヌハル,申し,お迎え,リネ,是非,潤賀,無言,突撃,ハティ,わあ,タク,是非是非,せひ,シセル,宜しけれ,フォロハ,ユウカオ,組め,もし,何かと,深星,使い手,お話,こそ,恋人,スルー,嬉しい,ラーウァ,同士,繋か,奏楽
149,ps,share,モンハン,mhw,ワールト,フレステ,フレイ,ケーム,フレイヤー,コントローラー,操作,vc,mhxx,狩り,装備,遊へ,pc,ホイスチャット,マイクラ,steam,野良,スリンカー,武器,フォートナイト,ｐｓ,トラクエ,体験版,ff,psp,クリア,配信,タクソ,ハンター,ds,シーシ,起動,神ケー,pubg,switch,倒し,画面,オーハーウォッチ,rpg,wiiu,雑魚,スラアク,初見,やり,慣れ,十字キー
150,保育園,入園,幼稚園,長女,次女,息子,卒園,激戦区,保育,子とも,園長先生,お母さん,送り迎え,行事,育休,認可,子供,子育て,年少,年長,お子さん,ママ友,ワンオヘ育児,願書,現実は厳しい,保活,長男,子供達,通園,ママ,母親,育児,一歳,トイレトレーニンク,上の,運動会,ハハ,オムツ,児童相談所,旦那,うち,児童館,人こと,子ともたち,家庭,小学校,着替え,送迎,ヘヒーカー,決まれ
151,クリスタ,タフ,ヘンタフ,フォトショ,メティハン,sai,テシタル,イラレ,コミスタ,ipad,アナロク,アイヒス,線画,便利,描ける,pc,ソフト,photoshop,使いこなせ,描く,pro,pencil,塗り,ハソコン,ワコム,ノートハソコン,液晶,ストローク,ibispaint,フラクイン,ヘン先,描き,コヒック,描け,気乗り,adobe,使える,mac,使う,描こ,psd,画面,解像度,使っ,ipadpro,色鉛筆,取説,鉛筆,色塗,ツール
152,青根,影山,東峰,及川,谷地,月島,牛島,岩泉,ハイキュー,西谷,孤爪,烏野,澤村,黒尾,京谷,五色,菅原,夜久,天童,日向,白布,研磨,リエーフ,二口,スカさん,国見,木葉,岩ちゃん,アツム,花巻,瀬見,ノヤっさん,フックマーカー,タカラトミーアーツ,クロオ,シャンフショッフ,阿吽,牛若,大平,jf,飛雄,ツッキー,山口,ショウワノート,火神,金田一,jw,影山飛雄,ヒロアカ,笠松
153,タラハカニ,執事,愛人,悪友,抱き枕,メイト,お姫様,こ主人様,親友,置き,恋人,後輩,相方,王子,父親,コミ,選ふ,悠李,先輩,メイトさん,はいおつ,母親,ｷﾞｭｯ,青龍,サマフェス,お嬢様,野崎,主人,呼へる,選ん,えろ,読書家,へいへい,良さみ,眼鏡っ娘,悪気,はあ,女の子,馬鹿騒き,俊典,主従,オネエ,下僕,タカー,腕組,父兄,メイト服,フフフ,人みん,セチア
154,桐嶋,荒木田,新堂,由井,宝生,服部,桧山,朝霧,青山樹,渡部,今大路,宮瀬,菅野,カナメ,九条,サマコレ,京介,羽鳥,早乙女,大谷,青山,瀬尾,スタントマイヒーロース,神楽,スタマイ,アニハ,トラマト,オリショ,ツィフィ,マトリ,関さ,夏樹,夏目春,しおり,アニオン,九条家,浪漫,夏目,畏まり,戌亥,かしこまり,お返事,蒼生,メセカ,日向,頂け,aj,幸い,おり,申し訳
155,浴衣,着物,着付け,着る,似合う,振袖,似合っ,七五三,成人式,似合い,似合わ,花火大会,和服,豆しは,浴衣姿,衣装,和装,着心地,生娘,着こなし,スタイリスト,撮っ,綺麗,すこーーい,前撮り,洋服,衣織,着せ,ハスローフ,髪型,縫製,生地,ワンタッチ,甚平,撮る,雰囲気,男物,着れ,リリア,花火,スーツ,撮影,撮れ,阿鳥,写真,着せる,穿い,スラッと,大人っほく,はたけ
156,勇利,ウィクトル,ユリオ,クァンホン,ウィク,キオルキー,エミル,ヒチット,ユーリ,オタヘック,ウィ,スンキル,yoi,ミケーレ,オタユリ,マッカチン,チュラノン,オタヘ,ユリ,サーラ,師弟,シャンシャック,リリア,勝生勇利,jj,クリス,ice,羞恥フレイ,ときまき,下剋上,カツキ,スハシーハ,決断力,ねちっこい,剛毛,サーカ,gpf,すーーっ,エロス,マトリョーシカ,滑走,縦ロール,ｽﾐﾏｾﾝ,朝チュン,葬る,オールハック,赤面,おおーーー,う天,襲う
157,マック,ホテト,ナケット,モス,マクト,ヒックマック,ハッヒーセット,マクトナルト,マヨソース,トライフスルー,月見ハーカー,食へ,ケチャッフ,食へる,ファーストフート,美味しい,朝マック,細長く,チースハーカー,モスハーカー,ハンハーカー,美味しく,ソース,ヘーコン,美味しかっ,メニュー,ウェンティース,美味し,時間営業,おいしい,サントイッチ,ﾓｸﾞﾓｸﾞ,タカリ,こはん,チース,食へ方,うまうま,緋色,美味かっ,シェイク,小麦,脂っこい,ヨークルト,タルタルソース,食う,こ飯,ホテトサラタ,おなか,チェーン店,ファストフート
158,blu,ray,dvd,ティスク,録画,円盤,発売決定,タヒンク,フレーヤー,wowow,bdbox,フルーレイ,レコーター,dvd化,juju,観よ,livedvd,隔月,gea,cd,sakerock,見よ,観れ,amazon,予約特典,初回限定,鑑賞,桑田,ライナーノーツ,映像,映画,リアタイ,再放送,tsutaya,マイヒ,avex,トラマ,観る,見れる,発売,買う,おっさんすラフ,映画化,ゃにめ,買い,放送開始,初回盤,買え,dvdbox,映し出さ
159,ソンムル,参加方法,トレカ,企画,抽選,jungkook,テテ,ナムシュン,ヘンミ,フレセント企画,参加,はんたん,army,応募方法,防弾少年団,ヘン,クク,応募,締切日,bts,センイル,うちわ,シュカ,リフ,ションクク,シヒョ,締め切り,当選者,アミホム,wings,ハンタン,オルヘン,カムサハムニタ,シミン,握手会,当日,タヒョン,駄作,rt,dm,イルコン,yourself,ナヨン,ナム,twicetagram,whatislove,応募期間,twice,ヒムチャン,すみません
160,富士山,登山,登っ,景色,登る,山頂,登り,登頂,登山道,登れる,下山,御来光,標高,雪化粧,小屋,山登り,山小屋,頂上,キレイ,林道,花見,歩く,咲い,紅葉,登れ,高尾山,咲く,お天気,夕空,松島基地,満開,富士見,山道,咲き,螺旋階段,降り,吊り橋,走っ,鳥取砂丘,楽しめ,ローフウェイ,桜並木,方面,風景,山歩き,天気,登ら,放電,御殿場,山の上
161,ｶﾀ,ｶﾀｶﾀ,ﾊｯ,ｸﾞｯ,ｺﾞｸﾘﾝｺ,ｳﾑ,ﾌﾞﾌｫ,ﾊﾞｧﾝ,ﾝﾋｨｨｨｨｨ,ﾊﾞﾝﾊﾞﾝ,ｽﾝｽﾝ,ﾍﾟｺﾘ,ﾀﾞﾒｰ,メモテフ,ﾉｼ,ｷｬ,さーもん,ﾍﾟｼｮ,ﾍﾟﾀｯ,ﾏｯ,ヤァ,トウコ,ﾜｼｬﾜｼｬ,bono,ｶﾞｸﾌﾞﾙ,ﾌｧｲﾄｰ,くーたん,ｳﾝｳﾝ,ﾍﾍﾍ,ʬʬʬ,やり遂け,ww,ﾌｫｰ,見習い,ﾌﾞﾜｯ,メンテ,ʬʬʬʬʬʬʬ,ﾟｰﾟ,ﾊｧﾊｧ,ﾒﾓﾒﾓ,ｸﾞﾇﾇ,ﾜｰｲ,ｸﾞﾊｯ,たいけ,地下室,ｶﾊｯ,クソフ,ツッコミ,ﾅﾃﾞﾅﾃﾞ,クエ
162,whatislove,ションヨン,twice,タヒョン,シヒョ,ツウィ,ナヨン,twicetagram,サナ,チェヨン,sixteen,トレカ,bdz,once,signal,ミナ,モモ,ハイタッチ,セルカ,tt,ソンムル,ハイタ,ヒムチャン,rainz,丸し,エントリーカート,ショーケース,セフチ,ヨンシェ,ユキョム,seventeen,ミンハオ,ションハン,フックレット,meet,ホッフアッフストア,teen,スンユン,キウォン,ソンウン,jbj,スクラッチ,cd,サンキュン,ションイン,ティエイト,オルヘン,ウシ,ミョンホ,ホカチ
163,通報しますた,モテ,スッ友,養わ,いしわる,犯さ,ハメ,独り占め,養い,女装,野獣,兆円,モテる,オフハコ,番号,遊ほ,添い寝,ホア,おしゃれ,抱きしめ,奢っ,sex,奢る,たい度,イケメン,イナハ,犯し,一目惚れ,便乗,イツメン,いやいや,女の子,かっこよさ,可愛さ,した,優しく,構っ,いいね,よっ,優しさ,絡み,抱か,付き合っ,会お,会っ,結婚,控えめに言って,テート,良識,彼氏
164,キスマイ,ニカ,北山,キスフサ,千賀,玉森,舞祭組,二階堂,もしツア,玉ちゃん,二階堂高嗣,kis,宏光,横尾,自担,kismyft,宮田,東海テレヒ,高嗣,藤ヶ谷太輔,ファンイヘ,シャニース,jump,news,太輔,yummy,藤北,cdtv,覚書,ヒシュ,オーラス,みっ,裕翔,初回特典,ファンサ,マイコ,全国放送,シャーニー,mステ,utage,掛け持ち,もえか,大倉,シャニースwest,say,モヤモヤ,hey,シンメ,レホ,セクソ
165,army,ハンタン,テテ,防弾少年団,ヘン,テテヘン,bts,はんたん,クク,ククヘン,シミンヘン,オルヘン,シミン,仲良く,猛烈,ユンキヘン,line,ヘンミ,kpop,渡韓,シンニム,ㅠㅠ,イルコン,タメ語,住み,ユンキ,敬語,センイル,ﾊﾞﾝﾀﾝ,シミナ,お呼ひ,へん,アミ,クオス,ナムシュン,ぉろはしました,アーミー,ナム,絡み,シン,ホヒ,呼ん,カムハ,しみん,all,防弾,絡ん,ぉてす,ソンムル,ホソク
166,顕如,光秀,家康,秀吉,三成,佐助,信長,政宗,謙信,戦国,幸村,景勝,信玄,小十郎,兼続,官兵衛,昌豊,才蔵,上杉謙信,信之,昌信,上杉,明智光秀,利家,半兵衛,家紋,黒田官兵衛,元就,上杉景勝,武将,挑める,豊臣,イケシリ,家臣,豊臣秀吉,戦刻ナイトフラット,フェンリル,真田,クレハラ,イケウァン,歴史改変,森蘭丸,ヨナ,シリウス,島津,源次郎,真田幸村,決死,佐吉,仕え
167,無断転載,転載,無断,許可,著作権,著作権法,無断使用,無許可,通報,著作物,twitter,削除,ツイッター,消し,著作権侵害,投稿,トレース,不快,アカウント,シャスラック,許可なく,取り下ける,論点,法律違反,権利,ツイート,消さ,url,本人,配慮,保存,わさわさ,公式,規約,はたらく細胞,肖像権,とかさ,害さ,加工,ハクツイ,意見,sns,使用,モラル,いちいち,きちんと,解する,申し立て,アッフロート,指摘
168,ラフライフ,aqours,千歌,果南,善子,サンシャイン,ルヒィ,梨子,スクフェス,花丸,穂乃果,スクスタ,hpt,絵里,lovelive,ラフライハー,花陽,ことり,ラフライフサンシャイン,サンシャイナー,ヨハネ,タイムトラヘル,タワケ,スクールアイトル,アケフェス,あいきゃん,ライハー,沼津,南條愛乃,キオ,松浦,にこ,ハンキッシュ,みもりん,スノハレ,挿入歌,称号,杏ちゃん,引き取る,ユニティ,タンスタ,カフセルラハーマスコット,しゅかしゅー,高坂穂乃果,ヒンス,ほのか,えみつん,寝そへり,推し,姫ちゃん
169,給仕,西洋料理,おつかれさま,たのしかっ,会え,ウェイター,会い,お疲れ様,たのしみ,嬉しかっ,楽しかっ,土曜日,久しふり,お疲れさま,ありかと,会える,つかれ,おつあり,洋食屋,帰宅,お仕事,かんはる,文学少女,りりこ,チェキ,閉店,あいたい,癒し,楽しみ,いっはい,ねっ,日曜,あした,頑張っ,週末,お誕生日おめてとう,ゆっくり,よー,可愛かっ,土曜,シフト,たぁ,おわり,頑張る,日曜日,しあわせ,幸せ,会お,タルト,よおおお
170,ハントリ,カル,ホヒハ,roselia,有咲,沙綾,希那,アッフセンター,ハロハヒ,リーマー,アフクロ,スコア,千聖,紗夜,日菜,香澄,ロセリア,はくみ,たえ,リサ,カルハ,ミッシェル,ヘテラン,モカ,こころ,カハー曲,つくみ,協力,ani,アフタークロウ,総合力,りみ,ハスハレ,花音,ひまり,音ケー,特大,カールスハント,下さる,美咲,あこ,狙い,イウ,助かり,てきるたけ,ゆきな,フルコン,ノーツ,履歴書,さーや
171,身長,cm,リレー,低身長,指名,センチ,高身長,てかい,小さい,筋肉質,小さく,平均,伸ひ,ローファー,年齢,つり革,細く,男子,サイス,コンフレックス,スタイル,女の子,高校生,小柄,タイムリーフ,柚希,大きく,いや,体重,抜かさ,血液型,伸はし,体型,テリカシー,ちょうとええ,テカ,成長期,成長,o型,ちっちゃ,てかく,大きい,中学,中学生,肩幅,女子,男の子,高い,投下,陸上
172,リム,リムる,外さ,絡み,絡ん,い人,フロック,ミュート,ツイッター,浮上,twitter,絡む,謝罪会見,ツイート,した,絡も,消し,全然,こめんなさい,絡め,ホロワニム,話せ,単刀直入,いいね,繋かっ,遠慮なく,リフ,不快,こすき,コメ欄,ネット弁慶,一言,もっと,気ますく,話しかけ,仲い,つまらない,私あん,ハシャマ,チャ,tl,はすさ,残ってる,アカウント,傷つけ,オススメユーサー,全然大丈夫,かまっ,クソリフ,陰口
173,シャクラー,高設定,シャク,打ち,スロット,星矢,マイホ,タンハイン,リーチ目,aタイフ,中段,打っ,ワルフル,打つ,フチマ,勝ち,小役,エウレカ,合算,負け,ハーテス,勝っ,投資,スロ,マイナス,来店,ファンキー,マルハン,勝てる,rtc,快勝,トル箱,当たる,閉店,引い,収支,ハーサス,打た,ハチ屋,打と,確率,ハチンコ,っす,勝と,ちょい,不動産投資,ホーナス,勝て,かっきー,競艇
174,視力,コンタクト,眼鏡,乱視,メカネ,裸眼,近視,レーシック,老眼鏡,視力検査,眼科,zoff,カラコン,免許の更新,コスト面,老眼,右目,視界,曇る,左目,近眼,外し,ほやけ,片目,眼球,見え,レンス,黒目,度数,フレーム,測っ,外す,フルーライト,検査,発症,めまい,肌荒れ,矯正,フーツ,症状,高血圧,鈍感,手術,肩こり,マツエク,軽いし,老け顔,普段,瞳孔,ケームホーイ
175,クラン,メンハー募集,クラハト,キルト,レインホーシックスシーシ,フリコネ,フレント,discord,エンショイ勢,白猫テニス,ランク,お誘い,募集,codww,チーム,vc,フレ,申請,人数,無所属,脱退,雑魚,pubg,フレイヤー,後衛,迫撃,キルレ,対戦,クラ,所属,クルチャ,野良,勧誘,ティスコート,タフルス,初心者,立ち回り,skype,ff外から失礼します,通話,ワイワイ,古傷,マッチンク,誘っ,id,キルマス,オーハーウォッチ,わいわい,新兵,マルチ
176,紫陽花,ファインター,咲い,綺麗,美しい,鮮やか,きれい,撮れ,キレイ,咲く,photography,花ひら,ライトアッフ,咲き,素敵,景色,撮影,紅葉,風景,藤の花,見頃,ステキ,撮っ,葉っは,写真,夏至,お花,撮り,撮る,魅入っ,越し,オリエント急行,ソメイヨシノ,桜の,美し,塗り絵,映える,紅色,pen,雰囲気,朝焼け,眺め,とっても,色合い,カメラ,撮れる,枝垂れ桜,タリア,丸い,青空
177,淳太,照史,小瀧,神ちゃん,流星,重岡,west,自担,濵田,シャス民,桐山,シャニースwest,末澤,関シュ,大毅,道枝,しけちゃん,藤井流星,まいシャニ,少クラ,松竹,ほんま,フンスカ,のんちゃん,長尾,神山,シャニース,永瀬,いしら,リアコ,今江,フリンシハル,龍太,シャニスト,ファンサ,ヒシュ,westival,誇らしい,やすの,圭人,ちひろ,中間,西畑,くん,岩橋,大橋,早売り,レコメン,マリウス,朝田
178,ﾊﾟﾁﾊﾟﾁ,ﾉﾉﾞ,ﾟﾉﾉﾞ,おめてとう,誕生日,お誕生日おめてとう,ｺｯﾁｮﾘ,お祝い,ﾀﾝｯﾀﾝｯﾀﾝｯﾀﾝｯﾀﾝｯ,これから,ﾍﾟｺﾝﾁｮ,誕生,ˊᗜˋ,ｸﾞｯ,ﾉﾉ,ありかと,birthday,初勝利,祝っ,一年,とぉ,まーす,キスキル,あおー,エクセレント,ﾊﾟﾁﾊﾟﾁﾊﾟﾁ,ﾉｲｪ,happy,風船,やっと,ﾉｼ,ﾋﾟｮﾝﾋﾟｮﾝ,よっ,アルカ,oo,ケーキ,ﾊｯ,楽しみ,祝い,さぁ,ｵﾒﾃﾞﾄ,勇翔,ｲｴｰｲ,またまた,ーーー,頑張る,すぅちゃん,ﾊﾞﾝﾊﾞﾝ,ｷｬｯｷｬ,ｲｴｲｴ
179,投票,occ,ホチッと,みなさん,ミスオフサークル,ミスコン,ふした,皆さん,頑張り,showroom,応援,皆様,くたさっ,本当にありかとうこさいました,参加,奈乃,配信,お疲れ様,開催,https,お知らせ,co,spatio,最終日,まーす,頑張っ,投票結果,アンケート,大会,かんはり,下さっ,お疲れさま,ひちょんくん,方々,皆さま,かんはりましょう,決勝,ましょ,楽しみ,クリスマスハーティー,まし,おはよう,審査,春子,楽しま,カチイヘ,アナトレ,予選,投稿,ファイナリスト
180,チョコ,ハレンタイン,ハレンタインテー,トリュフ,お菓子,友チョコ,チョコレート,義理チョコ,手作り,クッキー,渡す,ホワイトテー,受け取っ,渡し,ホワイトチョコ,渡そ,あける,はれん,フラウニー,差し入れ,美味し,食へる,chocolate,ハッヒーハレンタイン,チロルチョコ,おいし,菓子,生クリーム,お返し,甘い,食へ,生チョコ,渡せ,配る,差し出さ,タンヘル,作れる,茉子,おいしい,ケーキ,おやつ,ｳﾋﾋ,美味しかっ,フレセント,キャラメル,美味しい,下剤,美味しく,焼き菓子,ハヤト
181,さわやか,けんこつハンハーク,ハンハーク,静岡,食へに,行こう,焼肉,行こ,紅しょうか,こ飯,おいしい,観光,ゅるり,食へ,美味しい,コトモ,テミクラスソース,行っ,オニオン,食へ放題,お肉,地元,伊豆,行き,ランチ,旅行,美味し,ソース,遠い,県外,都会,美味しかっ,izoo,歩ける,一泊,近場,行く,飯テロ,食へる,美味かっ,豚丼,近く,お好み焼き,ステーキ,京都府,食い,飲み屋,連れ出す,遠征,歩く
182,ネットフリント,ネッフリ,印刷,フリント,セフンイレフン,コヒー機,印刷機,イラスト,セフン,スキャン,刷っ,l版,描き,家宝,アキラさん,カレンター,つち,ちこ,アナロク,ヘーシ,ｴｯｴｯ,描く,テシタル,フリンター,額縁,表紙,描い,くたさっ,保存,飾ら,手書き,絵素,番号,線画,シタ,描か,描ける,丁寧,無配,コンヒニ,くたさ,ｱﾀﾌﾀ,送っ,もらえ,ファミマ,描け,コヒー,豆本,完成,ょふてす
183,スコール,ティナ,ハッツ,シェクト,クラウト,ハワヒ,オヘオム,wol,武器,ハルフレア,ティータ,アーウァイン,エーコ,ラムサ,属性,シタン,セルフィ,火力,dff,シャントット,シェム,ウァン,リノア,クシャ,フリオニール,テハフ,dffoo,フレイフ,アタッカー,ffbe,攻撃力,ライトニンク,アヒ,装備,スキル,セフィロス,攻撃,ハッシフ,覚醒,ex,大剣,nt,断章,奥義,アヒリティ,強化,弱点,必殺,シーモア,下方
184,美女,美男,イケメン,美人,ミエレ,フス,レイラ,あんな,ミエ,すき,妬み,ちゃう,いや,よたれ,wwwww,可愛い,amo,女の子,いやいや,顔面,めちゃくちゃ,ほんと,変態,可愛く,極み,wwww,ww,褒め,メンヘラ,そんな,てそう,まなお,写メ,らふりつ,兄さん,するい,見た目,女装,オタク,接吻,くせ,かわいい,照れ,願望,モテる,もっと,いしら,絶対,自撮り,自信
185,ｲｴｲｴ,ヽﾉ,ﾅｲﾅｲ,ｲﾔｲﾔ,絡ん,いえいえ,嬉しい,ˊᵕˋ,歓迎,呼ん,ｱﾙｱﾙ,仲良く,ｸﾞｯ,絡み,フォロハ,呼ひタメ,ˊᗜˋ,ﾍﾟｺﾘ,呼へ,ｲﾔｲﾔｲﾔ,らいい,こそ,タメ,ﾁﾗｯ,ﾑﾘﾑﾘ,呼ひ,ありかと,さっそく,甘え,しゃあ,これから,ﾊﾞﾝﾊﾞﾝ,ﾋﾟｮﾝﾋﾟｮﾝ,うれしい,呼は,タメ口,全然,タク,絡も,よけれ,ﾉｼ,お呼ひ,もらい,よかっ,是非是非,遠慮なく,アイコン,敬語,良けれ,ありかとう
186,すはる,エイト,関シャニ,亮ちゃん,大倉,eighter,エイター,錦戸亮,リサイタル,錦戸,すはち,俺節,シャニース,トッシ,関シャム,mステ,村上,丸ちゃん,硝子の少年,十祭,さいり,サタフラ,伍郎,ロマネスク,自担,安田,cdtv,ヤスくん,シャニ勉,夜会,野球中継,news,ヤンマー,舐めすり,ハモり,kicyu,月曜から夜ふかし,ヒクチ,裕翔,eight,斗真,やはかっ,軽音,クロニクル,鳥肌,山田,やすの,ヤス,ねん,とっくん
187,花粉症,花粉,くしゃみ,アレルキー,鼻水,症状,かゆみ,耳鼻科,痒い,マスク,ヒノキ,風邪,アレクラ,かゆい,かゆく,薬効,痒く,鼻炎,治る,アレルキー性,酷く,治ら,気休め,目薬,病院,中耳炎,悪化,寒気,発症,治り,クシャミ,粘膜,治す,ひい,うかい,抗生物質,蕁麻疹,効き,腫れ,風邪薬,頭痛,処方,免疫力,高熱,痒み,ひとく,ステロイト,痛く,偏頭痛,腫れる
188,ツイキャス,配信,キャス,ニコ生,mixchannel,雑談,コラホキャス,showroom,サフサフ,不定期,youtube,ロックンロール,楽しい,ありかと,としとし,生放送,動画,チャンネル,ゅんちゃん,タイムシフト,インスタライフ,アーカイフ,ツイッター,寝落ち,ふぁみり,楽しかっ,トリハス,ラシオ,弾き語り,楽し,話せ,サフ垢,twitter,ぃけ,リスナー,久しふり,こめんね,かまちょ,もー,阿部真央,投稿,講義,遊ん,遊ひ,かまっ,しなま,久々,質問,やっ,実況
189,エレン,ミカサ,半自動,リウァイ,くちく,ハンシ,アルミン,巨人,エルウィン,捧ける,ヘルトルト,ちま,コニー,兵長,子守唄,心臓,うたっ,ヒストリア,すやすや,ユミル,ライナー,進撃の巨人,つもり,進撃,調査兵団,サシャ,おやすみ,リウァエレ,bot,捧けよ,えれん,おれ,アルアニ,シャン,エレリ,ヘトラ,兵団,アッカーマン,激情,双翼,別マ,はにかむ,クールカイ,いちょ,むんむん,ニヤニヤ,捧け,吹き返し,表情,抱か
190,香水,香り,匂い,嗅き,におい,香る,柔軟剤,香っ,ティオール,嗅い,サンローラン,香料,白檀,嗅覚,臭い,サホリーノ,体臭,嗅け,化粧水,吹きかけ,嗅か,嗅く,シャネル,試し,精油,愛用,菊正宗,お香,マショマショ,スキンケア,フルーティー,洗剤,香害,キンモクセイ,コロン,シャンフー,ローション,クリーム,水洗い,頭皮,クチコミ,甘い,泡立た,ホリッシュ,芳香剤,リッフクリーム,敏感肌,乳液,テクスチャー,エコイスト
191,植え,植える,葉っは,地植,鉢植え,レモンクラス,マリーコールト,咲く,発芽,咲い,収穫,植物,品種,お花,ウム,枯れ,肥料,育つ,堆肥,受粉,サホテン,咲き,剪定,養分,チューリッフ,幼虫,育て,季節,育っ,大きく,ミニトマト,園芸,交配,草花,花ひら,フランター,温度,小さな,大気,球根,多肉,農家,造花,家庭菜園,土壌,茗荷,花壇,連作,球数,枯れる
192,花火,花火大会,浴衣,隅田川,七夕祭り,線香花火,riko,中川かのん,景色,打ち上け花火,starring,豆しは,お祭り,螺旋階段,伊丹,一時間前,温泉旅行,陽射し,風向き,ホフレカ,幻想的,煙り,撮れ,楽しん,水族館,綺麗,温泉,暑い,天気,seimei,楽しめ,帰り,暑かっ,夏の思い出,月かきれい,思い出,さゆ,行っ,気分,行け,アスレチック,賑わっ,季節,鍋ハ,帰っ,チャーミー,沈む,ライトアッフ,東山奈央,ハヤニエ
193,東方神起,ユノ,チャンミン,yunho,유노윤호,tvxq,ユンホ,burning,チャミヘン,日産,reboot,beginagain,drop,トンヘン,ヒキアケ,キュライン,down,sme,日産スタシアム,begin,bigeast,ヨシャ,ユンシェ,now,わかちゃん,くんちゃん,from,はんたん,テミン,アンニョン,潤っ,きこさ,シム,京セラ,ｷｭﾝｷｭﾝ,スームイン,ミノ,pon,jyj,ミンホ,wowwow,トン,demi,のっけから,あんに,ゆの,ホミン,活動再開,逢える,兵役
194,トリチケ,フリチケ,ヘアアクセ,コーテ,tscr,scr,トリシア,トモチケ,フリハラ,フリチャン,ファルル,コヨイ,熱望,にあたりまして,キラチケ,フロモ,原本,ワンヒ,フォロチケ,ひひき,らぁら,お印,ハキ,切手,フリリアント,spr,カァルル,kr,お送り,アイスタ,レート,アイトルタイム,記載漏れ,宜しい,シュース,よろしい,手すき,お返事,そちら,提供,トッフス,申し訳,お手数,返信,誠に,承知,かしこまり,お待ち,いたたい,頂けれ
195,shinee,テミン,オニュ,兵役,イトゥク,ヘンミ,トンヘ,ミノ,スハショ,ウニョク,sj,シントン,ヒチョル,東京トーム,junior,シウォン,カムハ,ションヒョン,イェソン,ヘン,イテミン,はんたん,シャイニ,nct,京セラ,smt,ヒニム,コンサート,ヒョク,東方神起,exo,ハンタン,スシュ,ソロコン,リョウク,トレカ,ヘンラ,シェントルマン,bigbang,tvxq,トゥキ,smtown,トーム,ウネ,追っ,nation,super,韓国,テム,ミンホ
196,意味論,キメラ,区別,ネットワーク,メティア,記述,導入,形式,前提,bot,意味,一つ,機能,との,学習,研究,補償,として,不参加,能力,用具,人材,教育,という,観点,推定,設定,renku,ongoingpoem,記号,連句,掛算,mrz,論文,理解,slack,対象,クレイム,認識,研究室,思わしき,視点,問題集,卒業論文,知識,楼主,明確,ネット通販,推進,実際
197,ミニョン,ワナワン,シソン,ソンウン,テフィ,ソンウ,wannaone,シフン,シェファン,クァンリン,ユソノ,ウシン,カンタニエル,タニエル,ナユン,ソミ,シニョン,wanna,ソヨン,ハクシフン,フテュ,サムエル,said,ヨンミン,ソンウオッハ,トレカ,ヌナ,one,家政夫,ユキョム,オッハ,ワナ,ミニョ,わな,セフチ,jbj,ウシ,ヘン,オンニ,ミョンホ,ㅠㅠ,妄想,ソン,promise,nct,シェク,イルコン,スンチョル,ミンキュ,カッセ
198,紫原,火神,緑間,黄瀬,赤司,黒子,青峰,木吉,笠松,高尾,jw,若松,黒子のハスケ,ナッシュ,黒ハス,氷室,花宮,伊月,今吉,jf,用紙,陽泉,桃井,フックマーカー,キセキ,森山,ショウワノート,宮地,ラスケ,桜井,うっちゃん,クランチ,カラホン,アツム,へ様,青根,world,お世話,月島,collection,影山,第一弾,東峰,代筆,京谷,冬休み,イクナイト,シャンフフェスタ,シャンフェス,谷地
199,テント,キャンフ,キャンフ場,シュラフ,モンヘル,寝袋,場所,化繊,ワンタッチ,原始,ゆるキャン,灯油,石油ストーフ,ハイク,ロコス,近く,山行,マンション,チェア,荷物,富士山,公衆トイレ,撤収,ヘット可,鉄筋,近所,トイレ,ツーリンク,標高,屋根,来年以降,椅子,公園,乗っ,電車,秘密基地,登ら,建物,防寒着,対角線,乗り物,海岸,小さな,歩い,降り,広い,軍医,道具,戸建て,炎天下の中
200,打って出,アットマーク,気付か,ぬえ,愛してる,ぇえええええ,聞く,ちらり,嬉し,まっ,回避,うわ,ううう,犬猿,うっ,えっ,ﾁﾗﾁﾗ,つち,いや,送り付ける,こめん,ｼｭｰｯ,ほっつき,かわいい,ああああ,よっ,つつけ,たいすき,ルーマニア,便乗,なに,なん,ーーーー,わし,許し,わい,照れる,泣かないて,ﾌﾟﾙﾌﾟﾙ,うれ,wwwwww,まふゆ,そん,ほんとに,ほんま,あぁ,世辞,当てはまっ,セリフ,笑っ
201,神社,参拝,御朱印,お参り,お寺,仏閣,境内,熱田神宮,布施,初詣,箱根神社,ヒスメ,鶴岡八幡宮,弁天,詣り,山の上,善光寺,天満宮,宮参り,宮司,宇佐,安産,浅草寺,狛犬,背広,お祓い,新選組,こ利益,縁結ひ,取り壊し,観光,お守り,史跡,訪れる,陰陽,鳥居,祈祷,伊勢神宮,県道,事故現場,仏教,守り,登山道,軒先,弁財天,本殿,おみくし,土地,神様,浅学
202,超特急,ユースケ,生写真,タクヤ,リョウカ,ユーキ,タカシ,コーイチ,ebidan,丸印,リフライ,東京国際フォーラム,dm,かしこまり,おさな,長沢,アリーナツアー,会場,買い取り,お待ち,尾関,チュウヒキ,梨加,いらっしゃい,昌暉,ツーショ,公演,希望,心当たり,譲り,連絡,dish,会場限定,柿崎,取引,よろしい,譲っ,エーネ,お手数,和哉,東村,カイくん,お願い,りょうか,致し,伊藤理々杏,お返事,伺い,申し訳,齊藤京子
203,剣介,壱星,宗司,志季,里津,守人,alp,quell,ツキフロ,soara,英知,alive,growth,スケハ,涼太,リッス,solids,sq,月野,フロアニ,ホチ袋,ツキウタ,キャラクレ,百鬼夜行,おつき,ツキウサ,素的,みくし,お返事,xl,幸い,夜分,畏まり,agf,申し訳,八重樫,よろしい,かしこまり,サマカニ,宗像,致し,origin,声かけ,宜しい,取り引き,検討,掛け,大原,頂け,原宿駅
204,副業,即金,親ハレ,稼ける,費用,後払い,シャニヲタ,さかし,身ハレ,稼け,紹介,即日,未成年,アタルト,口座,伺い,シャニオタ,手厚い,知れる,ハケ,稼い,初期,初心者,いつく,イシイ,案件,実質タタ,お話,督促,実質無料,フリーライト,未満,家賃,国保,お金,固定資産税,核酸,万円,一時的,お小遣い稼き,家計簿,タウンワーク,収入,勿体無,払っ,登録,給料,クラウトファンティンク,軽々しく,利子
205,入会,会員,ファンクラフ,クレカ,年会費,メール,決済,クレシットカート,入金,支払い,会員登録,手続き,申込,先行,ローチケ,チケット,申込み,登録,発券,fc,先行予約,会員カート,カート会社,ホームヘーシ,pay,テニモ,退会,会費,サイト,申し込み,一般発売,手数料,嵐のワクワク学校,申し込ん,チケットひあ,注文,期限,個人情報,申し込める,申し込め,全落,発送,amazon,フレミアム,番号,無料,払い込み,アクセス集中,引き落とし,アミュモハ
206,佐藤龍我,テタカ,作間,myojo,井上瑞稀,阿部亮平,髙橋,梶山,大橋和也,優斗,長妻,猪狩,厚紙,西畑,朝田,永瀬廉,浮所,東京b少年,末澤,岩橋玄樹,hihijet,金指,hihi,長妻怜央,道枝,深澤,龍我,森本,関西シャニースjr,funky,岩橋,西畑大吾,永瀬,顕嵐,大橋,ラウール,ヒンナ,サマステ,関シュ,dm,大西流星,岩本,テータ,hib,ヒンナッフ,海人,安井,sixtones,カート,七五三掛
207,血液型,o型,b型,a型,身長,年齢,晒す,本名,いるか,ab型,さそり座,由来,ヒッチヒチ,異性,待ち受け,cm,エノキ,高身長,小さい,性格,センチ,ｂ型,母子手帳,晒し,性別,蟹座,偽名,イメーシ,自己,アカウント名,なんとなく,体格,rt,ﾌｫﾛﾜｰ,名前,ホロッホロ,中学,細く,夏の終わりに,金管楽器,低い,自慢,筋肉質,ちかっ,ひっくり,年生,大体,診断,生まれ,典型
208,エヒフライ,愛してる,こいか,ちゅー,ハク,カントリーマアム,セックス,きゅー,死ね,ﾓｸﾞ,うわ,嬉し,しよ,チュー,抱きしめ,愛し,あいち,ぇええ,uu,そ大,キス,結婚,ちょ,ｷﾞｭｯ,カモンカモン,大好き,よし,付き合っ,こめん,殺し,とぉ,きゅっ,ちや,した,ｷｮﾛ,ｶﾓﾝﾍﾞｲﾍﾞｪ,照れる,もぉ,ちゅっ,拗ねる,あける,わい,きゅ,あけ,らふらふ,嫉妬,むきゅ,絡み,構っ,いや
209,ｳｵｵｵｵｱｱｱｱ,ｱｱｱｱｱｯｯｯｯ,ーッッッッッッッッッッッッッッ,ウオオ,ｲｲﾖｰ,ああああああああ,ムツキ,ｸﾞｯ,東京喰種,ｳｩｯﾋｮｵｱｱｧ,ccg,ﾋﾟｮﾝﾋﾟｮﾝ,ぁぁぁ,ﾌﾝﾌﾝ,ﾌｫｰ,ウリエ,ｫﾒﾃﾞ,ﾉｼ,ううう,ーーー,土下寝,ｺﾞﾌｯ,ﾍﾟﾁﾍﾟﾁ,ﾊﾞﾝﾊﾞﾝ,おおおお,ああああああ,ｷｬ,ﾖｯｼｬｧ,ﾊﾞｧﾝ,ウオオオオオアアアーーーッ,おおおおおおおお,相思相愛,全力投球,ｳｩｯﾋｮｵｱｱｧｱｱｱｧ,とゆ,よぉぉ,トリックスター,チハヤ,ﾊｯ,おおおおおお,ｶﾀ,ｵｫｵｫｵ,ﾁﾗｯ,いや,十和,たぁ,カナエ,ううううううううううう,ﾝﾌ,えええええええ
210,寿司,寿司屋,サーモン,くら寿司,食へる,食へ,美味しかっ,穴子,刺身,美味しい,大トロ,美味しく,お刺身,こ飯,美味い,うまい,赤貝,貝類,回転寿司,食へ物,食える,美味し,食っ,アッフリケ,春巻き,かっは寿司,食い,生魚,食へに,おいしい,茶碗蒸し,美味かっ,蒸し,苦手,ラーメン,魚介,牛丼,繋けろ,ラーメン屋,醤油ラーメン,明希,味噌,食へ方,和洋,社食,アホカト,ステーキ,たへ,おいし,たいこん
211,是国,wof,唯月,遙日,茶利,増長,北門,愛染,koc,金城,サマライ,不動,bフロ,スイハラコースター,ショイホリス,project,キーヒシュ,幸い,申し訳,致し,当方,よろしい,ならひ,頂く,快諾,宜しい,不動明,お返事,品物,いたたく,夜分,取引,かしこまり,恐れ入り,いたし,頂け,畏まり,等身,声かけ,頂けれ,並ひに,お願い,取り引き,掛け,検討,fantasia,agf,そちら,可能,誠に
212,テレステ,ミリシタ,スカチケ,響子,ssr,モハマス,千枝,テレマス,五十嵐響子,カシャ,ミリオン,恒常,みりあ,sr,音ケー,課金,アイマス,スクフェス,master,浜口あやめ,被り,リスムケーム,オールラウント,引ける,南条,担当,かな子,復刻,こもも,イヘ,アイトル,モハケー,リセマラ,ソシャケ,ラフテス,テュエット曲,素敵しゃないか,イヘント,唯ちゃん,仁奈,ナターリア,カチャ,ヒックアッフ,フェス,モチヘ,八万,未央,ライフ,美希,美嘉
213,羽生,昌磨,棋士,フィキュアスケート,将棋,捧く,羽生結弦,選手,結弦,欠場,トロント,演技,平昌,浅田真央,seimei,ファン,映像,ラノッテ,スケート,ホフレカ,メタリスト,ロミシュリ,ユツル,伏し目,番組,素晴らしい,平昌五輪,ひふみん,a級,スケーター,席巻,五輪,クレイシー,テレヒ,脱き,作品,今シースン,インタヒュー,nhk杯,追悼,千葉ロッテマリーンス,永世,スマスマ,ｓｐ,オリンヒック,マリノス,空飛ふ広報室,棋譜,カーリンク,エンターテインメント
214,お題,回答,ホティヒルター,ロッチ,ai,大久保,中岡,所属事務所,選抜,竜宮城,追い出さ,対処法,優秀,sale,王室,シュニア,安打,理由,コールテンウィーク,正答,回転寿司,試着,イルミネーション,大喜利,投票,no,育成,弟子,レティース,英国,あなた,思わす,通算,としとし,コーナー,流れ,相手チーム,質問,大使,一瞬,切替,アンケート,ちゅるやさん,showroom,出現,北高,票数,朗読会,一言,大魔神
215,ヒアッサー,ニートル,ヒアス,軟骨,開け,塞かる,塞かっ,痛かっ,痛く,開ける,塞から,開けよ,キャッチ,消毒,痛い,塞い,膿ん,下腹部,痛み,チクッと,痛いっ,注射,耳たふ,治癒力,刺し,腫れ,皮膚,刺す,冷やし,傷口,縫う,クリニック,ハチン,画鋲,化膿,止め,様子み,イヤリンク,痛む,子宮,残る,明希,歯石,閉め,開い,目尻,ヒィヒィ,アナル,絆創膏,術後
216,好感度,い事,段階,呼ひ方,ファンタシー,職業,偏見,cuphead,第一印象,書き,印象,便乗,例える,ほーふ,望む,しゅわしゅわ,た事,守衛,創り出す,ソウルメイト,血液型,ふちこ,優しさ,文字,下級,やす,絡み,お姫様,女の子,要素,欲し,いいね,魔法使い,した,イメーシ,一言,ケアル,名前,皆無,キャッチ,可愛さ,人間,すきー,砂場,集めれ,カートゥーン,嬉しいいいい,面白,ルヒー,見た目
217,親指,人差し指,中指,右手,左手,ノーツ,スライト,フリック,小指,薬指,押し,譜面,付け根,タッフ,はやす,マスフラ,指先,片手,土踏ます,ちきら,腱鞘炎,運指,長押し,カルハ,利き手,難所,音符,ふつかる,骨折,フルコン,押さえる,ホタン,動かそ,叩け,弾く,慣れ,擦り傷,リーマー,立てて,両手,音ケー,撃ち,テレステ,当て,捻挫,触れる,連打,精度,頸動,伸はし
218,会員,クレカ,先行,ひあ,チケット,ローチケ,決済,手数料,会員登録,支払い,発券,申し込み,嵐のワクワク学校,ファンクラフ,申し込める,チケットひあ,アミュモハ,一般発売,番号,pay,申込,申込み,申し込め,年会費,フレイカイト,入会,応募,抽選,クレシットカート,振込,登録,身分証,期限,落選,フレミアム,一般,入金,一般販売,同行,払い込み,チケ,申し込ん,メール,座席,テニモ,名義,譲っ,引き落とし,全落,fc
219,はーすてー,はっひ,とぅー,はっひー,誕生日,お誕生日おめてとう,お祝い,ぃあ,誕生,親元,トゥーミー,birthday,祝う,happy,ーーーー,ありかと,ハッヒーハーステー,祝っ,ハッヒー,とー,しゃーーーー,一年,祝わ,これから,ーーーーー,松ほっくり,ほん,ぁぁぁぁ,ﾜｧ,イェイ,おおおおおおおおおお,ーー,うううう,幸せ,りん,はー,風船,里子,おめてとう,そらほ,大好きたよ,サフライス,セフンティーン,たいすき,楽ヤマ,ーーー,ｲｪｲ,生誕祭,かーん,cheerz
220,hoy,que,triste,de,la,en,bien,el,dia,tu,un,lo,una,te,amo,las,me,du,con,ou,je,est,por,mi,ti,para,los,bon,par,never,le,des,ﾟﾟ,too,et,mon,color,aysongchallenge,solve,your,jovi,se,way,no,笹岡,us,ue,of,shi,find
221,新開悠人,銅橋,福富,田所,手嶋,巻島,木場,真波,鏑木,泉田,京都タワー,小野田,黒田,八木,御堂筋,弱虫ヘタル,鳴子,荒北,東堂,小鞠,今泉,古賀,新開,ツールト,石垣,スイハラコースター,金城,悠斗,武蔵小杉,み様,純太,フックマーカー,新開隼人,紀伊國屋,かしこまり,いたたく,よろしい,快諾,いたし,ならひ,東巻,取引,スカイツリー,申し訳,いたたけれ,幸い,お返事,お待ち,おてたま,コラホクッス
222,凍結,アカウント,ツイッター,フロンコヒリー,twitter,運営側,スハム,乗っ取ら,解除,公式twitter,ユーサー,ハスワート,異議申し立て,電話番号,紫苑,消し,運営,身ハレ,優待,sns,機械的,遭わ,tl,水道管,知り合い,twitterアカウント,ツイート,匿名,削除,非公開,無差別,拡散,無断転載,永久,フロック,ルール違反,放置,消さ,通知,路肩,フラウサ,消える,lte,メール,流れ,迷惑行為,道路,ロクイン,晒さ,法律違反
223,株式分割,三菱重工業,銘柄,三菱ケミカル,横河電機,積水化学工業,三菱商事,堀場製作所,シェイエフイー,住友商事,フィナンシャル,島津製作所,kabu,ミネヘアミツミ,三菱電機,新日鐵住金,フリチストン,nttトコモ,日産自動車,ユニチャーム,日立製作所,東レ,三井住友,投資,三井物産,jpx日経,ハナソニック,コニカミノルタ,次世代ネットワーク,nec,東京カス,テンカ,ハイオニア,シェールカス,kddi,テルモ,オムロン,oki,関連,工業,erp,キヤノン,富士通,ihi,ヤフー,キッコーマン,オリンハス,eps,医療機器,アシックス
224,mesemoa,チェキ,めせ,お待ち,連絡,かしこまり,dm,リフライ,譲り,承知,受け渡し,よろしい,取引,致し,申し訳,いらっしゃい,お願い,お返事,いたし,おり,頂き,買い取ら,お手数,検討,いたたけれ,宜しい,幸い,いたたき,構い,頂けれ,いたたく,伺い,提示,いたたけ,買い取り,いかか,いたたい,可能,返信,畏まり,翡翠,チケット,夜公演,よろしけれ,後ほと,取り引き,にて,そちら,頂く,快諾
225,ちゅん,倶利,ひちゅ,あるし,ちゅんちゅん,まかお,チュー,奥の手,はせ,倶利伽羅,まこ,おもわす,たたっ,誇らしけ,近侍,一輝,拳骨,よに,本丸,あけれ,へく,脇差,あほー,よし,あける,ホイストレーニンク,幸せ,みち,たそう,正座,かろん,規格外,ほんに,光忠,オリヨル,作業服,きこ,ましゅ,くにく,審神者,転かり,鶴丸,かわい,ーーーー,物心,園長,わーん,千歳,とふ,ゅし
226,ヘヒーカー,抱っこ,スリンク,ハウンサー,宮参り,妊娠中,赤ちゃん,お食い初め,新生児,荷物,寝かしつけ,オムツ,歩き回る,dec,車椅子,保育園,くする,出産,トイレ,ヘヒー,手芸,ワンオヘ,産ん,育児,沐浴,拡大解釈,切替,おんふ,チャイルトシート,トラヘル,日除け,小さい,歩か,背もたれ,総重量,ワンオヘ育児,あやし,月齢,次女,乗せ,便利,長女,息子,旦那,フリクリ,さい子,たっこ,泣き声,力持ち,陣痛
227,貴乃花親方,相撲協会,貴ノ岩,貴乃花,白鵬,八角,相撲部屋,日馬富士,八百長,親方,力士,相撲,横綱,横野,モンコル,巡業,理事長,大相撲,ひるおひ,理事,協会,土俵,傷害事件,クッティ,評議員,公益法人,コメンテーター,マスコミ,モンコル人,嘆願書,理事会,被害者,嘉風,公益財団法人,稀勢の里,たすき,追い出そ,言い分,偏向,fujitv,一門,直談判,剥奪,日ころ,関取,白々しい,意見,暴行,輪島,不起訴
228,kinki,ftr,kids,kinkikids,フンフフーン,光一,直太朗,ティレイヒューインク,demi,堂本剛,キンキ,ran,ファン,みなきっ,桑田,色んな,俺節,ソメイヨシノ,つよし,香織,支え,呼ひ込ん,lf,連トラ,シケさん,トッキリ,chat,イニシャル,コンサート,光ちゃん,安室ちゃん,すひか,楽しま,星野源ann,楽し,最高の夏,楽しも,トリフェス,和楽器ハント,ステキ,応援,これから,笑顔,楽しい,はまり,自分史,泣け,さむさ,メテイア,トーム
229,悟空,ヘシータ,悟飯,悟天,クリリン,サイヤ人,フリーサ,トラコンホール,天津飯,ヒッコロ,ヘシット,鳥山,孫悟空,チチ,ヒッコロさん,牛魔王,トランクス,コシータ,db,三強,ヤムチャ,オラ,藤吉,オリシナルストーリー,かめはめ波,瀬戸康史,繋けよ,讃える,戦闘員,リョウ,嘗て,チイ,受け流す,地球人,テヒルマン,応酬,抹殺,ハワーハランス,フューション,幼少期,武闘,シハニャン,クラッシャー,ハーヒィ,ターレス,放ち,外伝,誕生祝い,身勝手,一撃
230,ショショ,定助,仗助,承太郎,ショースター,今夏,ナランチャ,フチャラティ,ショニィ,ショルノ,jojo,モッツァレラ,おいおいおいおい,dio,飛ふ,漫画,名台詞,中村悠一,ホルナレフ,マンカ,アニメ,ショセフ,アニメ化,シーサー,読ん,リサリサ,実写化,読み,波紋,原作,巻数,実写,ーーッ,ホティライン,ショナサン,取っつき,全巻,読み切り,作品,ミスタ,セリフ,コミックス,シャイロ,漫画版,ストーリ,名作,非オタ,勢そろい,小説,スタント使い
231,トレア,diabloblancodqx,魚子,帽子,コシック,集会,アイテム,スラッと,ツホ,色合い,テサイン,似合わ,似合う,軍服,着る,エレカント,タマムシ,衣装,テイスト,防具,着こなし,似合い,装備,スタイル,テーモン,凝っ,ステキ,妖精さん,オーカ,エルフ,フク,チューリッフ,セルメア,ついつい,武器,似合っ,エンホス加工,ヘレー帽,カワイイ,雰囲気,突き抜ける,コーテ,魔法使い,揃い,着せ,降魔,飾り,結っ,カラー,魔法少女
232,シェシュン,defiance,sign,jessie,np,よっちゃん,chizu,yoko,ｼﾞｪｼﾞｭﾝ,ありかとうこしゃいます,あんに,naomi,ヘンミ,メンマ,なおみ,三唱,シェシー,はんたん,たかり,生歌,nowplaying,きちょ,タイアッフ,ワタス,smf,スカッとシャハン,jun,ファイティン,雨男,カッフリンク曲,のそい,ちょひ,煮付け,ムートン,アンニョン,チャンミン,空港,会える,大忙し,ほうれい線,eri,楽しん,まめちゃん,日活,勝る,逢い,聴け,おかえり,ひかみ,ょん
233,ﾟﾟ,ｳﾜｧｰﾝ,hoy,amo,待っ,dia,por,una,ふぁみ,ありかと,キットカット,흑흑,ヒッヒ,ころろ,ーーーーーー,与えれ,友達以上恋人未満,お誕生日おめてとう,会える,las,チンク,ーーー,いちる,うれし,泣かないて,ti,tan,楽しみ,きまって,いつ,うううううう,会え,一途,mas,よぉ,さんす,ぁぁぁ,誕生日,con,頑張れる,ありかとぅ,楽しん,とぉ,ぅと,たん,こめんね,寂しい,さーーー,久々,tb
234,かき氷,マンコー,フルーハワイ,美味しかっ,甘酸っはく,シロッフ,カキ氷,美味し,食へる,イチコ,美味しい,食へ,フルーツ,アイス,おいしかっ,早食い,抹茶,チョンションクク,シャーヘット,メロン,巨峰,チョコ,おやっさん,キーン,ナッツ,甘い,フランホワース,キャラメル,季節,美味しく,美味,苦く,スイーツ,きな粉,宇治,ヒスタチオ,たへ,凍ら,ソフトクリーム,テサート,甘く,たこ焼き,おいしい,解ん,美味かっ,ヨークルト,黒蜜,ストロヘリー,生クリーム,ショートケーキ
235,生理痛,生理,婦人科,痛み,産婦人科,ロキソニン,病院,痛い,痛く,病気,痛いん,診察,医者,陣痛,妊娠,子宮,副作用,触診,妊婦,貧血,帝王切開,お腹,安静,身体,受診,出産,腹痛,頸管,治療,内診,入院,ホルタレン,精神科,吐き気,浮腫,処方,卵巣,産後,市販薬,辛い,鎮痛剤,治る,検診,痛かっ,症状,睡眠不足,痛む,止め,産む,来院
236,分一本勝負,お絵描き,深夜の真剣お絵描き,真剣,艦これ,ワントロ,トゥーチェ,ハタフリー,カルハン,描け,筑摩,描き,描い,りゅうせい,描く,深夜,描ける,ハンツの日,白露,ハンターハンター,芥子,女官,コヒック,欲しいーー,夕立,マイクロヒキニ,ミニスカート,ヘコちゃん,隼鷹,表情,描か,鳳翔,オルトー,描こ,ヘコ,透明水彩,すきっと,山城,週休,程よく,イラスト,獣耳,お絵かき,シェント,龍驤,ヘンタフ,にん,東方project,しんけん,提督
237,good,morning,おはよう,the,to,goodnight,night,have,you,that,so,much,is,there,今日,are,day,and,一日,was,too,like,今日も一日,週末,皆さん,今朝,of,my,what,dansou,カスヤ,for,お天気,おは,thank,whole,everyone,luck,now,always,お仕事,頑張ろ,おやすみなさい,金曜日,頑張り,drunk,do,weekend,just,made
238,nana,歌い,聴い,いえいえ,歌声,聴き,nanamusic,高音,ミクチャ,聴く,たさいっ,聴か,絡ん,仲良く,歌う,歌っ,サウント,嬉しい,歓迎,mqube,呼ひタメ,邦楽,繋かっ,ハモリ,フォロハ,絡み,いいね,哨戒,洋楽,低音,うかと,合いの手,歌詞,小岩井,歌え,原曲,タク,音楽,お歌,らいい,こそ,上手い,すもう,カラオケ,mix師,フレイリスト,繋かり,さいますっっっ,da,歌ってみた
239,シュンス,준수야,사랑해,ヨンファ,정용화,ファイティン,あんに,jyj,アンニョン,고마워요,ょん,除隊,mission,용화,元気,笑顔,今日,おは,お仕事,逢いたくて,結ひつく,ヨシャ,疲れ,ﾘﾌﾚｯｼｭ,補給,おはよん,cnblue,一日,ユチョン,早く,癒さ,タンス,過こし,ふり返し,頑張,ソンシェ,カワユイ,ゆっくり,今週,毎日,トキトキ,仕事,ハワー,シャイニ,ㅠㅠ,すっと,あとけない,忙しい,よー,トンヘ
240,kat,tun,hyphen,亀梨,上田くん,cast,赤西,中丸,アミーコ,亀ちゃん,シャニース,たっちゃん,亀梨和也,ゆきえ,セクソ,伸ひやか,玄樹,叫ほ,シャニ,コンサート,制作開放席,うんうん,cdtv,斗真,カウコン,オーラス,ソロコン,発泡,kis,少クラ,会え,キスマイ,キンフリ,jump,シャニースwest,紅白,会える,ちゃーん,関西シャニースjr,シンテレラカール,sexy,news,お茶の間,初出演,竜ちゃん,kattun,ハスリスム,歌番組,逢お,クルーフ
241,il,li,秋休み,栄作,スタンハ,ｺﾞﾎｯｵｴｪｪｪｰ,会議室,ｺﾞﾎｯ,菊花賞,エフ,新式,ラハナスタ,イヤホンシャック,創世,なくなっ,調子,エキルレ,エリュ,トホホ,虚構,さすか,よす,神龍,マルハン,ホタン,かんはる,モチヘ,使い切っ,シェシ,ワイファイ,隙間時間,気合い,orz,theburn,もっ,ぇいす,あした,大敵,ミハシラ,トレーニー,種目,mon,勝負,無理,エッセル,mio,ｼｭﾝ,シーモア,近しい,さかっ
242,コンハス,ハトアリ,キルト,マルコス,スフリンター,イヘアリ,ルチ,クソフ,マルリリ,アレクサントラ,コクリコ,リリカ,ミラティフ,テキレ,キルメン,vc,野良,カノーネ,テレハス,固定,ﾌﾝヽ,カスタム,フレ,カチ勢,ﾉﾌﾝ,ランク,通話,エンショイ,忠臣,hs,味方,アタリ,discord,キルマス,後衛,オリ棒,ソル,十文字,カンナー,フレント,タメカ,やる,satisfaction,履歴書,レミー,gg,組ん,誘っ,ロンクレンシ,タンク
243,ice,da,rag,想太,nyp,hi,花村,ツアー,大輝,pump,岩岡,末吉秀太,sky,まあちゃん,ロッヒー,参戦,aaa,譲っ,チケット,トーム,リリイヘ,アッフテンホ,落選,coloralife,横アリ,両日,和田,fc,nissy,追加公演,音符,雄大,dome,余っ,ライフ,申し込ま,座席,公演,武道館,dm,列目,東京トーム,握手会,申し込み,名義,方い,マリンメッセ福岡,オーラス,アリーナ,ホールツアー
244,ユーマ,アスサ,ルキ,カルラ,ティアラハ,コウ,アヤト,カナト,キノ,diabolik,bloody,無神,シュウ,lovers,ティアラウァ,レイシ,セレフレーション,ホロ,ノヘルティ,ヒステリー,parco,chaos,木村良平,amnesia,シン,ウァンハイア,幸い,マーキンク,sy,よろしい,エリク,スハル,ウキョウ,ラフレター,お世話,決まり,取り引き,マティアス,頂け,お返事,かしこまり,頂き,承り,ももりん,御座い,エム,通常,おり,構い,恐れ入り
245,モイ,配信中,キャス,iphone,カラオケキャス,android,凸待ち,配信,雑談,mirrativ,コラホキャス,cas,ｸﾞｯ,イヤホン,機種変,さっき,っす,ツイキャス,くれ,楽しかっ,話せ,かえ,とーそ,覚え,楽し,いまとき,一昨日,いお,ありかと,いほん,くれる,無音,よー,邪魔,今度,久々,ちょ,docomo,電池,楽しい,ノストラタムス,スマホ,そうそう,とい,報告,たせぇ,調子,オイラ,なー,こめんね
246,変換,見守る,暴走,打っ,ほし,た人,予測,ふぁ,予想,シュチュエーション,まふゆ,はらはら,もうす,物言っ,ともっ,野坂,マリちゃん,ぇの,ネタ,便乗,打つ,ひん,脳内,ぁほかくるしなんなら,書く,歯形,ろこ,ふつける,阿比留,誤字,ヤッター,名前,一言,勝手,した絵,欲望,行政書士,書き,幻滅,www,漢字,書け,マン,切っ掛け,カシッ,スハタリ,言い間違い,aidl,語呂,しめし
247,ユキノショウ,コウシ,カケル,タイカ,ヒロ,オハレ,カツキ,ルヰ,キンフラ,prism,アレク,キンフリ,フリスム,mrs,ユウ,ミナト,幕張メッセ,煌めき,king,かしこまり,お待ち,アトフェス,いたたけ,おり,かとう,ショーシ,畏まり,黒川,お返事,少々,マチネ,いたし,きらめき,シン,としまえん,よろしい,幸い,宜しい,入用,承知,フリティーリスム,神浜,返信,頂い,蒼井翔太,致し,取引,観劇,いたたく,頂け
248,虎彦,アキヲ,十夜,一誠,子規,アイステ,双海,リュカ,睦月,恭介,星夜,アイチュウ,ラヒ,レオン,ハヘル,ノア,皐月,奏多,フリカフェ,シュセッヘ,朝陽,いたたけれ,お返事,快諾,クリストファー,幸い,取引,頂き,頂けれ,ネームフレート,承知,頂け,お手数,よろしい,かしこまり,当方,いたたけ,致し,ならひ,お願い,何卒,申し訳,後ほと,おり,いたし,お送り,宜しい,並ひに,よろしかったてしょうか,検討
249,七夕,願い事,彦星,織姫,短冊,ころう,たなはた,願いこと,コロ,願い,ᕼᗞᗩ,ᕼᗩᑭᑭ,一通,叶い,幸せ,叶っ,しらへ,世界平和,この世,しも,kira,いっはい,今日,たー,寂しい,あの日,ありかと,待っ,出会い,願っ,今日たけは,ちみち,天の川,笠間稲荷神社,リトミック,みんな,叶え,巡り合わ,過こし,ささい,さてと,季節外れ,ハア,っと,naobou,ﾜｰｲ,たん,もっと,大切,はぁっと
250,寝相,寝返り,寝言,いひき,うつ伏せ,仰向け,うつ,熟睡,覚め,寝かせ,布団,夜中,イヒキ,くっすり,眠れ,起きる,寝る,寝かしつけ,眠り,昼寝,起き,身体,睡眠,眠く,痛み,つーー,影虎,ヘット,利き手,寝付け,飲ま,眠っ,止め,眠れる,乳幼児,睡眠不足,病院,起こさ,寝不足,寝ろ,ネントレ,秒殺,心配,病気,もたえ,体勢,爆睡,湾曲,寝息,寝落ち
251,物言っ,ぁほかくるしなんなら,切っ掛け,ほし,絡む,取り敢えす,た人,ルヒシア,絡め,ふぁ,らふ,しんといー,一言,絡み,アールクレイ,飲み,ハリツ,ふつける,した,絡も,きいろ,絡ん,いいね,欲望,白湯,浮上,実は,作り,ストーカー,きゃらめる,カフェラテ,シンシャーエール,絡ま,王馬小吉,赤ワイン,セルフフロテュース,便乗,炭酸飲料,麦茶,紅茶,ハウ,みよこ,伏せ,尊かっ,メロンソータ,構っ,ぁほありかとうこさいます,わーい,アイコン,相互
252,サンシ,ルフィ,piece,ワンヒース,ロー,ナミ,レイシュ,ウソッフ,シャンクス,フルック,チョッハー,one,circus,フランキー,白ひけ,ハンコック,エース,gear,htb,新世界,麦わら,ワンヒ,ヘホ,サンレス,コアラ,メモリー,ソロ,サホ,ロヒンちゃん,お印,そちら,とうそ,コーテ,超新星,イソウ,とんっ,頂けれ,お世話,マトラー,湯呑み,お待,畏まり,フィキュア,お待ち,宜しい,usj,改札,ラシャー,名セリフ,みーやん
253,ミク,初音ミク,ホカロ,鏡音リン,ia,法被,ルカ,メイコ,mmd,vocaloid,原画,公開前,待ち焦かれ,スケール,マイリス,コレクター,かわいくっ,ホカロp,アルター,テレハス,ﾎｰ,オリシナル,カノーネ,リン,kaito,壊れ,イェーカー,藤原純友,ねんと,公式クッス,お布施,生演奏,トラマツルキー,diva,ハンシュ,exit,マシカルミライ,買い換えよ,アトリエ,メシャー,欲しいっ,dd,気持ち良,カンタムウォース,ホカロ曲,細々,高かっ,マイリスト,二回戦,フルーク
254,生き抜き,inf,ファミリー,ヨシッ,ソッ,生き抜く,生き抜こ,生田,早起き,お早う,クレック,生き抜い,ょり,daisuke,はりきっ,陥れる,ｵｫｰ,おはよう,今日,一日,今日も一日,金曜日,週末,生きよう,健やか,頑張り,ヨシ,てっ,さぁ,死んてもいい,おはち,仕立てる,何事,お過こし,頑張ろ,おは,よしゃ,水戸,コンハクトカー,皆さん,ゆっくり,過こせ,さて,こ苦労様,笑顔,残暑,お疲れさま,ニャ,しょい,朝帰り
255,エンカ,沼津,ふりりん,キセル,とくろ,ありしゃ,ｿﾜｧ,アケフェス,ハシフィコ,会い,遠路,首都高,ラスアイ,参戦,行き,ライフ,着く,さくれ,慶應,会える,クルーシンク,会う,行ける,静岡,聖地,しねる,一泊,行け,巡礼,着い,行く,シエン,会っ,ライハー,コインロッカー,遠い,トレスコース,会お,マリンメッセ,aqours,会え,エンカウント,ring,さん生,名古屋,シトキャ,リリイヘ,外環道,大阪,はるはる
256,ᵒ৹,৹ᵒ,ァァァァァァァァ,はるみ,ゆる,アロイス,めそめそ,ええええ,ありかと,ᵒ௰ᵒ,併せ,房総,ˊᵕˋ,会お,会え,ほんとに,会いたかった,うううっ,まっ,楽しみ,ハシマサ,咲かせよ,うれし,会い,みさ,会う,ほんと,わー,楽しかっ,くり,ww,ゆき,わろ,あたし,もー,わーい,レイヤー,えええ,わい,わあ,嬉しい,蜘蛛の巣,みやかわくん,永久保存,めっちゃ,かんへん,めちゃ,わーーい,お誘い,すき
257,アークス,メンテの日なのてssを貼る,pso,クミン,ハルチ,ship,ss,シムス,研修生,メンテ,アウラ,染色,ｔｈ,っほく,撮っ,撮り,ロコ,闇落ち,ハシャリ,ｺﾞｸﾘﾝｺ,構図,撮れ,装備,うかさ,ラッヒー,ひさんは,ｓｓ,ツインテ,撮れる,撮ら,撮る,ティア,エミリ,ふむふむ,ff,やり,改まっ,角度,オメカ,やってみよう,伝われ,ﾊﾞｧﾝ,oe,武器,cv,雰囲気,エモ,ほんまもん,光源,ミラフリ
258,free,御子柴,郁也,郁弥,きつねうとん,df,新宿ヒカテリー,似鳥,宗介,夏也,tv,アニメ,百太郎,真琴,ハイキュー,tym,はるちゃん,語ろ,京アニ,ハイスヒ,最終回,原作,語れる,まこ,観る,嬉しい,movix,映画,雪兎,語り,ほんと,大好き,ハマり,ともり,見よ,声優さん,シーン,入場者,好き,ほんとに,感動,推し,作品,ヒロアカ,進撃,ノヤっさん,夕凪,烏野,こちゃ,ハマら
259,脱毛,剃る,剃っ,ハイハン,ムタ毛,剃り,剃毛,カミソリ,ツル,眉毛,サロン,エステ,薄く,メラニン,クリーム,剛毛,スキンヘット,日焼け止め,生え,獣化,医療,メイク,化粧,密会,髪の毛,ツルッツル,ノースシャトウ,茶色く,まつエク,薄い,スネ毛,カツラ,すっひん,身なり,塗りたくっ,メーク,膝下,乾かさ,レーサー,美容師,施術,陰毛,化粧水,シェネリック,マツキヨ,洗顔,ファンテーション,目立た,洗浄,めんとくさい
260,小狼,桃矢,さくらちゃん,知世,雪兎,カートキャフターさくら,さくら,クリアカート編,海渡,アニカフェコースター,ccさくら,侑子,百目,恋愛ケーム,ツハサ,丹下,お姉様,百目鬼,もみくちゃ,ふいっ,ホリック,あすきさん,かわいー,漫画,ファイリンク,はみ出,最遊記,twinkle,水光,脳内補完,学園ヘヒーシッタース,全巻,百太郎,クロニクル,ユエ,シスコン,描い,お兄ちゃん,義兄,リタス,スネイフ,見兼ね,ファイ,flight,ときの,引き出物,つつる,可愛い,同伴者,星波
261,絵本,読み聞かせ,カーロイ,トラマティック,ノンタン,起承転結,小学生,ノートルタムの鐘,読ん,寝かしつけ,アメイシンク,読み,ルウ,エッセイ,裏話,世界観,アンハンマン,食育,作品,読む,名作,先生,言い回し,挿絵,歩き回る,子とも,単語,小説,乙一,キヤ,抱っこ,トライン,漫画,おんふ,リュヒエール,物語,妊娠中,レイク,くたさら,判事,マンカ,読書,スモーカー,夜泣き,必至,息子,昔なから,なそなそ,発想,ぁありかとうこさいます
262,人人,もきたて,軽車両,札駅,oss,ｲﾁｬｲﾁｬ,西南,イマシン,イヤーカフ,明日奈,ホッキーの日,長けれ,自動車学校,一通,ホッキー,ちくわふ,ﾝﾝﾝﾝﾝﾝﾝﾝﾝﾝﾝﾝﾝﾝ,込み入っ,やり直さ,すこ,数学,メンタル,クリホー,図々し,リア凸,くそ,下ろす,オーフンソース,アキラ,マシキチ,四天王寺,えて,て直,いや,サンフルホイス,ナフ,理数,南東,ハワーワート,れぇ,キモオタ,スヒカちゃん,萌え袖,学ひ,コシック,ｺﾞｸﾘ,小並感,カクカクフルフル,シュウマイ,エロい
263,セイ,makes,犬耳,セイケツ,捧けよ,着せよ,ヘストショット,罪作り,旅立つ,心肺,ナオ,クサクサ,privatter,水彩画,実写映画,寄り添っ,中原中也,タシタシ,生き返る,思い悩ん,テート,人間らしく,ゃぁぁぁぁ,エントレスリヒート,吹き返し,スオウ,アフリケーム,オンナ,キヨッサン,うううううう,捧ける,いちゃいちゃ,ヒロートーク,幸せ,末恐ろしい,想い,sui,隠れる,ラフラフ,表情,そめ,唯ちゃん,ウァイス,悲しみ,夫婦喧嘩,一瞬,熟年,悲しま,トルテ,こっそり
264,ましゃ,bros,よっちゃん,ﾃﾍｯ,ヘック,福山雅治,ｺﾝﾆﾁﾊｰ,フォトフレーム,ﾗｲﾌﾞ,歌番組,ツアー初日,舞台挨拶,みゆみゆ,ｵﾊｮ,ｲﾔ,出掛け,カワユス,浮気者,昨夜,スーハーライフ,フロス,亀と山p,番組,トローチ,毎晩,今日,一段と,朝寝坊,まさはる,今週,ｧﾋｬﾋｬﾋｬﾋｬﾋｬﾋｬ,皆さん,紅白,温かい,今夜,見れる,泊まろ,嫉妬心,生活のリスム,おは,過こし,うたた寝,楽しん,勤労感謝の日,お仕事,噛みしめ,寒く,聴ける,観る,小出し
265,フーミン,ミーチルチルチル,摘む,ねつらい,ツフ,スーノ,未知,fuck,ここた,あなたに,ウィンチ,噛み,わらわ,心地,フー,シークヮーサー,安藤,大陸,コリコリ,タタタ,育てる,くるくるちゃん,夏みかん,モン,レースン,ツッ,簡単,えー,たまらない,非公式,ミル,マスカット,口開け,ヒリッと,トリアン,噛む,いけいけ,江戸っ子,与え,私たち,噛みつか,テコヒン,見える,抱き,聞こえ,カァルル,抱きしめ,歯形,便所,ケーティア
266,dapump,pump,issa,daichi,usa,da,サマラ,kimi,yori,rap,kenzo,songs,dpc,映像,ice,globe,yeah,ヒトカラ,アチコチ,ショイサウント,ほろり,スーッと,すこっ,kao,歌う,眼差し,全曲,ﾏｼﾞ,曲っ,ウミカメ,ラッフ,tomo,れんしゅ,聴い,聴き,物申し,洋楽,歌声,音楽,ｻｯ,羨望,夏フェス,nyp,ひょっ,聴く,歌っ,聴け,歌い,叫ひ,nana
267,テイフェス,ライフィセット,セロス,テイルス,サヒータ,アトフェス,エレノア,ヘルヘット,ルーク,マキルゥ,ルトカー,ヘルセリア,シュータス,エトナ,アスヘル,ユーリ,スハータ,レイウン,納涼,クレイセス,アイセン,フレン,ロイト,としまえん,スレイ,ならひに,レイス,承知,リタ,おり,ミクリオ,クラトス,アルウィン,お引き受け,お返事,いたたく,幸い,セスティリア,取引,よろしい,申し訳,かしこまり,お手数,ソフィ,致し,お待ち,頂け,検討,いたたけれ,品物
268,すと,るぅと,りすなー,めも,シェル,さとみ,なーく,ななもり,ふり,莉犬,ぇるく,なもり,恵留,キャラリー,メイコ,凍りつい,等身,リスナー,かっこよい,シェ,ハウリンク,ハスキーホイス,ほそい,嬉しいぃぃ,写さ,斑点,あう,しゃんふ,合える,歌ってみた,うれし,トロちゃん,音読,ころん,いやいや,溢れ,ff外から失礼します,射抜か,両日,すかっ,レホ,有岡大貴,シュシュ,めちゃめちゃ,めっちゃ,芍薬,こっそり,足跡,すみません,個展
269,満タン,ヒトラ,貼り,メルトア,ﾍﾟｺ,フレホ,おしゃま,ｱｻﾞ,ˊᗜˋ,カイリ,フレ,キャンヘル,画鋲,シュエル,くっさん,ﾌﾝﾇｯ,スクショ,ﾌｷﾌｷ,シェム,てし,ひーまん,シーモア,チョウチョ,貼っ,ホケ,貯まり,送り,手伝っ,助かり,フレント,スコー,ｱﾊ,クエ,青い花,上け,良かっ,引き継き,モク,ﾍﾟｺﾘ,おき,レイト,お陰様,フルーシート,昨日,ロクイン,有難く,フルコン,やっと,消す,まーす
270,薔薇,ｽﾝｽﾝ,ﾔｯﾋﾟｰ,ﾍﾟｺﾘ,農園,ordm,贈り,ᴗˬᴗ,ﾊｯ,レート,アイテム,タフリスト,助かり,提案,売り,了承,申請,お手数,すいません,トレート,手すき,先送り,受け取り,確認,顔料,コサーシュ,幾ら,dm,伺い,了解,不成立,個数,ﾁﾗｯ,ﾍﾟｺﾘﾝ,お待ち,肥料,黒野玄武,構い,有難く,参加方法,ﾍﾟｼｮ,差し引き,となた,送ら,提示,ホイマ,手隙,ﾍﾟｺｯ,いたたき,マイリトルトール
271,小清水町,皮膚炎,風速,陸風,浜風,郊外,北風,湿度,北西,気温,南風,北東,曇天,結膜炎,伴う,予報,北見市,吹く,南東,霧雨,蝦夷,全開,法要,アレルキー,低温,晴れ,晴天,症状,曇り,専門医,中心部,北見,氷点下,冷たい,前進,銀世界,最高気温,アレルキー性,酷い,海岸線,融雪,おはあり,積雪,南西,日中,後処理,降雪,異常気象,暑く,星空
272,bigbang,スンリ,シヨン,ヨンヘ,テソン,ヒッヘン,yg,スン,兵役,junior,そりそり,ょんと,シヨナ,ハンタン,ソロコン,はんたん,京セラ,ネックストラッフ,あっは,追っ,ヘン,東方神起,ソリ,super,sj,ヘンミ,tvxq,ikon,ヨシャ,ヒチョル,テテ,トンヘ,ひっ,京セラトーム,チャミヘン,ユンキヒョン,ソウル,ウニョク,ユニョン,イルコン,カッセ,nct,マンネライン,ケーホ,ファー,ファンミーティンク,シュホン,シントン,スハショ,マンネ
273,譜久村,森戸,ヒンホス,飯窪,野中,小田,羽賀,クリイヘ,牧野,上國料,佐藤,室田,生田,モーニンク娘,尾形,川村,笠原,加賀,ｄｍ,アンシュルム,和田,個別,広瀬,勝田,竹内,横山,part,ホーチェン,工藤,コレ,寺田,握手券,中野,チュウヒキ,石田,純奈,juice,コーテュロイ,大園,ハロフロ,推し増し,ヨリ,柿崎,生写真,握手,金澤,菅井,優里,チュウ,衛藤
274,蜂矢,天花寺,辰己,空閑,虎石,卯川,那雪,星谷,スタミュミュ,スタミュ,カリクル,揚羽,北原,メセカ,アニフラカフェ,アクリルホールチェーン,辰巳,fes,サカイ,お返事,海斗,南條,かしこまり,いたし,よろしい,致し,申し訳,当方,取引き,頂けれ,幸い,宜しい,マチネ,頂け,カラオケの鉄人,検討,フロマイト,畏まり,取引,おり,トレフロ,オフショ,お願い,フラサ,手渡し,連絡,頂く,快諾,いたたけれ,それては
275,tさん,フカキョン,bo,タカマカハラ,エミシ,田山,bot,トライナリー,こ用,イナハ,ミスホ,天下,ムサシ,ヤマト,ホク,神業,くらすた,おやすみ,将来,よそ見,優勝者,お方,始発電車,フラックアウト,ひま,苦手なタイフ,半自動,おまえ,原稿,つもり,子守唄,お目覚め,おやすみなさい,くちく,心臓,うおおおおおお,作り出す,一日,すま,ちま,ハイナリ,ツイ廃,想定外,手マン,ネイカウス,お互い,わッ,なにやってんの,姜維,電子機器
276,ikon,ユニョン,シナン,ハンヒン,チャヌ,堂島,あいうえお作文,ユニョニヒョン,bobby,ハヒ,シュネ,リリイヘ,ヒョク,ユニョ,perfect,コニキ,トンヒョク,ㅎㅎㅎ,jay,ㅠㅠ,トン,ヘンミ,ヘン,歌番組,フレスレット,jbj,イェソン,ハイタッチ,nct,綱引き,aoa,カムハ,神戸牛,レホ,ヘンサ,ヌナ,イルコン,sj,参戦,ヒムチャン,ㅎㅎ,ハイタ,スハショ,クルーフ,シュチャニ,京セラ,ウニョク,日本語訳,リョウク,bigbang
277,宗介,新宿ヒカテリー,百太郎,似鳥,お返事,よろしい,かしこまり,申し訳,幸い,致し,ユキホ,頂け,宜しい,構い,特定記録,美郷,真琴,いたし,取引,頂けれ,畏まり,検討,連絡,お願い,誠に,再度,頂き,快諾,マイリー,そちら,頂く,郁也,いたたけ,郁弥,遅く,おり,夜分,声かけ,当方,よろしく,いたたく,恐れ入り,お待ち,お手数,宜しく,承知,movix,ならひ,手隙,後ほと
278,キリト,アスナ,シノン,シリカ,リーファ,sao,ユウキ,ソートアート,コラホイヘント,モンスト,メモテフ,キャラ,雛苺,カクカクフルフル,セルエル,ﾃﾍﾍﾟﾛ,神化,オーフ,カチャ,アルコ,コラホ,ﾊﾞﾝﾊﾞﾝ,ﾋﾟｮﾝﾋﾟｮﾝ,ﾉｼ,クシナタ,シャナ,ｸﾞﾊｯ,正午,マルチ,ｶﾅｰ,爆絶,トッカンハトル,キスキル,再登場,しゅこキャラ,ホティーカート,ノーライフ,ステフ,セルティ,進化,ﾝﾌ,コラホキャラ,ｸﾞｯ,ｶﾞﾁｬ,ハントラ,ﾊﾞｧﾝ,テスマ,ミカエラ,貯まり,赤星
279,サンキュン,ヨンクク,ノテ,ケンタ,ヒョンヒン,jbj,ノテヒョン,手形,ヒムチャン,colors,rainz,ヨンシェ,キウォン,トレカ,リリイヘ,ヘンミ,cd,ハイタッチ,whatislove,セルカ,モネク,トン,レインス,tt,iro,サイン会,ソンリ,ツーショ,ソンウン,true,ハイタ,twicetagram,ikon,ユキョム,サナ,ニュイ,イルコン,シェファン,トヨン,ナヨン,twice,ウンキ,握手会,シソン,健太,タヒョン,ワナワン,サイン,ションヨン,会場
280,ミニョク,モンエク,キヒョン,monstax,ウォノ,シュホン,monsta,ヒョンウォン,チャンキュン,ハイタ,ショヌ,モネク,テナ,ヘヘ,ユキョム,マンネ,im,ﾏﾈ,トレカ,ヘンミ,キュニ,セフチ,モンヘヘ,carat,ヘン,jbj,ミニョ,カッセ,イルコン,tion,カムハ,wannaone,ヒムチャン,sj,短っ,seventeen,リリイヘ,モン,ヒョンヒン,オンマ,ワナワン,見えん,ヌナ,ㅠㅠ,アシュナイス,就活生,ヨンシェ,サムキョフサル,ウシ,ミンキュ
281,初詣,おみくし,大吉,中吉,初売り,神社,浅草寺,あけましておめてとうこさいます,年越しそは,お参り,元旦,今年,正月,お正月,新年,明けましておめてとうこさいます,賽銭,寝正月,大凶,運勢,年末年始,よっひ,ラッキーカラー,昨年,あけましておめてとう,山羊座,本年,手つくり,ユーシ,毎年,箱根神社,鶴岡八幡宮,三か日,明けましておめてとう,まっすー,カキ使,年賀状,戌年,参拝,年末,あけおめ,シケさん,年始,初日の出,貰う,大晦日,境内,年越し,ゆみこ,フチシュー
282,景之,峰雄,愛時,市香,collar,カラマリ,opg,malice,アネックス,幸い,かしこまり,お返事,オトメイト,申し訳,宜しい,ステラワース,致し,白石さん,よろしい,アムネ,お待ち,頂けれ,それては,いたし,畏まり,いたたく,頂き,快諾,検討,そちら,取引,お手数,いたたけ,頂け,承知,頂く,いたたけれ,お願い,並ひに,当方,品物,おり,連絡,取り引き,再度,頂ける,声かけ,後ほと,後程,可能
283,広告業,フロアマット,電子計算機,東リ株式会社,卸売,出願,区分,商標,標準,ファイサー,サフライ,敷物,ソフトウェア,コンヒュータ,酒類,文字,薬剤,夏代,ハートウェア,カーヘット,朋子,株式会社,タイル,小売,佐山,壁掛け,陽介,経営,人工芝,その他,レック,ラク,泡盛,インク,セミナー,器具,に関する,フロクラム,又は,顧客,業務,演劇,において,及ひ,トレー,医療用,ほか,機械,行わ,大塚
284,スティーフン,ツェット,クラウス,サッフ,血界戦線,チェイン,スオン,フンさん,レオナルト,レオ,副官,いなす,外界,ハマー,未来,龍虎,ソニック,牡丹,ハミンク,捲っ,多幸感,魚類,前のめり,そらす,キルヘルト,重役,hl,外そう,抱き上け,カートキャフターさくら,生家,ふたり,zap,和装,傍目,キャラホッフストア,ホクサイ,左下,路頭,桃矢,朔間凛月,するい,キャッ,治験,シルオール,ccさくら,園芸,シークレット,庵野,霧切
285,中原,太宰,芥川,文豪ストレイトックス,国木田,江戸川乱歩,江戸川,中也,乱歩,中原中也,お返事,main,いたたけ,中島,頂け,幸い,頂ける,かしこまり,致し,頂き,おり,与謝野,よろしい,織田,検討,快諾,頂く,坂口,宜しい,申し訳,当方,いたし,取引,お願い,畏まり,誠に,いたたける,てしょ,お待ち,可能,another,にて,リフライ,声かけ,掛け,お手数,宮沢,何卒,いたたい,構い
286,ةڼ,藤原純友,ﾇﾝ,makida,千手観音,ﾅﾝ,ニャル,キチカイ,マシキチ,ｗｗｗｗｗｗｗｗｗ,ㅤㅤ,ｗｗｗｗｗｗｗｗｗｗｗｗｗ,ぉぉ,五時,ﾊﾞﾝ,ほきた,wwww,ｗｗｗｗ,ぇぇ,えええ,ｗｗｗｗｗ,明日奈,四時,wwwwww,毎秒,wwwww,ｗｗｗｗｗｗ,二時,近寄ら,基礎,ﾀﾞﾄ,わろ,うわ,よお,むしろ,やろ,ほろ,wwwwwwww,ーーーー,待ちくたひれ,無罪,しよ,こわ,こめん,ｗｗｗｗｗｗｗ,ｗｗｗ,ｗｗｗｗｗｗｗｗｗｗｗｗ,軽率,ｷﾞｬｱｱｱｱｱｱｱ,華麗
287,保住,吉永,代永,柿原,アクリルホールチェーン,浪川,吉野,岡本,kiramune,入野,かしこまり,連絡,versus,キラフェス,お待ち,お返事,西郷,会場,よろしい,お願い,致し,江口,申し訳,おり,受け渡し,いたし,meeting,黒豚,幸い,リンクライト,いらっしゃい,神谷,頂け,開演前,頂ける,柿原徹也,いたたけ,ファンミ,取引,到着,譲り,いかか,頂き,いたたけれ,リフライ,いたたく,構い,当方,畏まり,検討
288,戌亥,北城,音琴,鷹司,ホイフレ,野宮,神凪,穂高,芹澤,真山,月読,お返事,ホーイフレント,幸い,新柄,西園寺,申し訳,城戸,よろしい,致し,頂け,宜しい,かしこまり,おり,そちら,声かけ,畏まり,検討,いたし,いたたく,当方,宝生,再度,頂く,頂けれ,いかか,取引,ふぉーちゅん,掛け,並ひに,夜分,ツィフィ,承知,壬生,お願い,よろしかったてしょうか,可能,手隙,快諾,連絡
289,tk,ナケッツ,田端,ハタハタ,タンタリオン,親子,リティ,wh,割り切れ,iu,菅沼,ゆみか,ハナーシ,el,todo,ｗｗｗｗｗｗｗｗｗｗｗｗｗ,iq,増子,en,ヘナルティ,ubi,gogo,es,suica,イオ,lo,og,ハクっ,eh,una,代さん,西日暮里,カフリアス,スリー,交替,que,las,モヒルスーツ,dos,hr,江ノ島,se,サントラ,ぬー,かってん,山手線一周,配信,share,追う,yo
